f7e985b_20	1	0.43420549065492686	j) Manejo del Riesgo: Las acciones dirigidas a minimizar y mitigar la probabilidad de la ocurrencia de peligros significativos del Riesgo
3434b51_373	2	0.4218043871312682	Dichas inversiones se remunerarán a partir de la entrada en operación
1739c19_137	3	0.4142963181096776	Plazos para realizar las inversiones con cargo a la Línea en las empresas receptoras finales de los recursos de los Fondos
1739c19_78	4	0.41095106454810804	En caso de que el Comité de Capital de Riesgo apruebe un monto menor a la línea solicitada, los Fondos de Inversión podrán reducir el tamaño de su Capital, siempre y cuando mantengan la relación en la razón deuda Corfo/Capital contenida en la Postulación al Programa
1739c19_333	5	0.39766730705656483	inversión se ajusta a los límites de diversificación establecidos en el Reglamento
b9b7f6b_28	6	0.3944025303448935	inversiones en bienes necesarios para su cumplimiento
3fa42ac_35	7	0.38993210514993004	El contratista asumirá todos los costos y riesgos inherentes a la exploración, explotación y beneficio de litio, debiendo aportar a su exclusivo cargo la tecnología, capitales, equipos, maquinarias y demás inversiones que fueren necesarias para el proyecto minero
f33e182_68	8	0.38352395809692463	La calificación de Nueva Inversión de Carácter Menor corresponderá al Inspector Fiscal
a094c4d_272	9	0.3820659518801065	Toda acción que ejecuten será bajo su exclusivo riesgo
7cffd6b_317	10	0.376545619803759	a) Inversión propuesta, asociada a la implementación de la Oferta Técnica
2799ee4_89	11	0.3755228779374219	Dichas bases no podrán contener cláusulas que establezcan barreras a la entrada, como por ejemplo: contar con un capital mínimo que no guarde relación con las inversiones requeridas para desarrollar el proyecto; exigir garantías que superen lo necesario para cubrir los respectivos riesgos; y, en general, entregar ventajas artificiales y discriminatorias a unos participantes sobre otros
1739c19_219	12	0.37155014108372986	Finalmente deberá contener mecanismos de Resolución de Conflictos entre los socios o accionistas de las empresas receptoras y el Fondo de Inversión
1739c19_277	13	0.3711164006400216	Proyección del Fondo en cuanto a plazos de inversiones y rentabilidad esperada
1739c19_285	14	0.36954790000189863	Fecha REF: Programa de Financiamiento a Fondos de Inversión
1739c19_40	15	0.3680388101029086	ii) La inversión en aportes de capital podrá efectuarse en:
742f481_80	16	0.36594976217262376	La inversión de los recursos del Fondo deberá regirse por el marco establecido por el Ministerio de Hacienda, vigente al momento de realizar las inversiones
d3123a5_327	17	0.36589457199270226	2,3 de las Bases de Licitación, el Concesionario de acuerdo al Mecanismo de Distribución de Riesgo Financiero regulado en el artículo 1,12
f30304d_10	18	0.3634619485145347	d) Promover medidas de disminución del riesgo general y predial;
3434b51_406	19	0.3608798019468815	Tasa de descuento para la determinación del valor anual de la inversión
67240be_61	20	0.3582056019389618	400,018 y reitera la imposibilidad de financiamiento por mecanismo alguno
3434b51_416	21	0.35575826972351354	- El premio por riesgo de mercado se define como la diferencia entre la rentabilidad de la cartera de inversiones de mercado diversificada y la rentabilidad del instrumento libre de riesgo definida en el artículo anterior
1739c19_257	22	0.3535926619826184	Experiencia en administración de Fondos de Inversión
f33e182_134	23	0.35320368268470137	D) Incumplimiento de la ejecución de las actividades y/o Nuevas Inversiones de Carácter Menor
f33e182_61	24	0.35127768378064883	A) Tipos de actividades y Nuevas Inversiones de Carácter Menor a realizar
d3b3f42_851	25	0.3503928470224006	d) En aquellos lugares que determine un estudio de seguridad destinado a disminuir los riesgos que se puedan generar en el evento de una ruptura y el consecuente derrame de CL o fuga de GLP
1739c19_187	26	0.34743516631697857	d) Los Fondos deberán contar con RUT al momento de ser presentada su solicitud en el Comité de Capital de Riesgo de Corfo
e6a0faf_23	27	0.3466991005118254	de esta Ordenanza, en forma idéntica o con menor riesgo al de la actividad permitida
5d4a4af_26	28	0.3458213069269236	La preparación y la ejecución de las inversiones y medidas del Proyecto a ser cofinanciados con el préstamo del KfW sufrieron retrasos significativos
742f481_81	29	0.34525692251424767	Los costos asociados a la realización de estas inversiones serán de cargo del Fondo
4ff9995_56	30	0.3422324438835984	Según calificación de las amenazas realizada, ésta tiene una clasificación de amenaza BAJA
4ff9995_71	31	0.3422324438835984	"Según calificación	de las amenazas realizada, ésta tiene una clasificación	de amenaza BAJA"
4ff9995_75	32	0.3422324438835984	Según calificación de las amenazas realizada, ésta tiene una clasificación de amenaza BAJA
3434b51_411	33	0.3411021015661576	La tasa de descuento será la tasa de rentabilidad libre de riesgo más el premio por riesgo multiplicado por el valor del riesgo sistemático
086db85_13	34	0.3395968466911915	d) La ejecución de las inversiones o reinversiones que constituyen el plan de inversión del proyecto, y
7cffd6b_367	35	0.33957863876019834	De operar este mecanismo, la licitación se resolverá adjudicando al proponente que hubiera ofrecido el menor precio para dicha prestación
3499081_12	36	0.3388619457176988	, la anualidad del valor de inversión del tramo, en adelante
1739c19_221	37	0.338305558792229	j) Incorporar la obligación de que las inversiones en aportes de capital y créditos sean otorgados a empresas que ejecuten planes de forestación en predios que den cumplimiento al Plan de Prevención de Incendios
10f42d8_9	38	0.33778730965351045	El cofinanciamiento destinado al proyecto de inversión no podrá exceder los $3,300
cc8ee54_7	39	0.3376804285638324	- Que se dispone de técnicas de control biológico, químico, térmico, mecánico y de una combinación de ellas, denominadas Sistemas Integrados de Medidas de Mitigación de Riesgo, que pueden reducir sus efectos dañinos, manteniendo una baja población de la plaga y reduciendo el riesgo de diseminación desde áreas bajo cuarentena hacia áreas en peligro
1739c19_170	40	0.33014472302559217	La postulación al Programa se realizará por medio de la modalidad Ventanilla Abierta, a la cual podrán postular Fondos de Inversión nuevos y sin operaciones
d3b3f42_687	41	0.3292502490712017	b) Los motores se deberán ubicar adecuadamente y contar con las protecciones necesarias para minimizar riesgos de incendios que puedan producirse, por ejemplo, debido a salpicaduras de CL sobre el motor o tubo de escape
1739c19_216	42	0.3276916689455325	h) Mencionar la exigencia de acordar Pactos de Accionistas en las empresas donde se inviertan finalmente los recursos de los Fondos
ca327ce_65	43	0.32470366097119274	f) Inversiones Privadas en el ámbito Silvoagropecuario
aa8d473_59	44	0.3242463701762981	Corresponde a un campo minado de acceso restringido y de alto riesgo para la seguridad de la población
4861b11_83	45	0.323916125188459	e) Los mecanismos de obsolescencia o depreciación de las instalaciones
e7508a5_48	46	0.3238422773179004	De la empresa que provea el mecanismo tecnológico de trazabilidad
1739c19_163	47	0.32167260503113915	c) Sin perjuicio de lo señalado, ante vulneraciones graves, el Comité de Capital de Riesgo podrá resolver la reducción de la línea de crédito, al monto efectivamente utilizado a la fecha
f33e182_91	48	0.3214959303526592	C) Procedimientos para instruir las actividades y/o Nuevas Inversiones de Carácter Menor
c8d1523_21	49	0.3205762734815747	- Riesgos asociados al abandono de algunos sectores de la pre-cordillera
721cb00_6	50	0.3196084348266526	y Foote Minera e Inversiones Limitada, por una parte, y, con las empresas SQM Salar S
d3123a5_425	51	0.3180987310944825	3,4 de las Bases de Licitación el Ministerio de Salud, de acuerdo al Mecanismo de Distribución de Riesgo Financiero, regulado en el artículo 1,12
19a898a_16	52	0.31686199379801616	Nombrar y remover a las empresas clasificadoras de riesgo
742f481_90	53	0.31608022485738396	Recursos correspondientes a la aplicación del Componente de Recuperación, conforme al mecanismo establecido, incluyendo intereses
131f13b_46	54	0.3141445254523999	Demostrar que la actividad o inversión a realizar con el crédito, es coherente con los objetivos de los recursos destinados para la catástrofe
5775820_8	55	0.31218023057573707	D) Que este mecanismo posibilita la entrega de los productos de los pequeños mineros durante períodos de precios más bajos con el compromiso formal de devolución de dichos recursos, cuando se recupere el precio del cobre, permitiendo estabilizar en el largo plazo los flujos del negocio de pequeña minería para la toma de mejores decisiones de inversión
1739c19_82	56	0.312153934817454	Esta orientación de las inversiones también deberá presentarse en la propuesta inicial al momento de la postulación del fondo, y deberá estar reflejada en la política de diversificación del Reglamento Interno, al momento de ser presentada al Comité de Capital de Riesgo de Corfo para la aprobación del otorgamiento de la Línea de Crédito
f7e985b_16	57	0.3115505996589609	f) Evaluación del Riesgo: Identificación del riesgo en la posibilidad de que éste ocurra
3434b51_193	58	0.3114815219618118	Disminución en la seguridad del abastecimiento, de acuerdo a lo dispuesto en la normativa técnica vigente; y,
f33e182_131	59	0.31111135063079454	(i) En cualquier caso, la Sociedad Concesionaria podrá subcontratar las actividades y Nuevas Inversiones de Carácter Menor correspondientes
f33e182_35	60	0.30968527550131575	"3"", para ser utilizado en la realización de actividades y/o Nuevas Inversiones de Carácter Menor, que formará parte del reemplazo de la regulación del Fondo de Reserva antes señalado"
7cffd6b_142	61	0.3095868133067443	i) Disponer de mecanismos confiables, que permitan asegurar la consistencia e integridad de los datos
3996e2e_137	62	0.30859768522754494	Módulo F - Estándares de seguridad para riesgos de fatalidades
7cffd6b_191	63	0.308127563001779	De la Inversión, los Costos y el Financiamiento del OAP
92bfebc_30	64	0.306280581221655	El mecanismo y fechas de restitución de las garantías también serán establecidos a través de las bases
cd20008_276	65	0.3050615255570879	Corresponde a una deficiencia en una instalación de gas, que represente un peligro o riesgo inminente para la seguridad de las personas
cb1ceff_295	66	0.30406462131883805	d) Mecanismo para suspender el animal para efectuar el faenamiento
3996e2e_139	67	0.3030447270054254	- Conocer los Estándares de Seguridad para Riesgos de Fatalidades
1739c19_311	68	0.30285883196463714	Aporte total (monto) y participación del Fondo en la inversión (% de acciones):
f9c22d5_3	69	0.30042646654890737	Para ejercer dicho derecho, los inversionistas deberán presentar la solicitud respectiva al Comité de Inversiones Extranjeras, identificando los proyectos mineros conexos
f7e985b_12	70	0.2997411732705172	b) Análisis de Riesgo: Proceso que comprende la identificación del riesgo y su manejo para mitigarlo
cd20008_483	71	0.29784551218236843	Aquella disposición tomada con el propósito de eliminar un peligro existente, hasta que hayan sido eliminadas las condiciones que lo causan
cc8ee54_20	72	0.2970356587414804	5,6 Aplicación de un Sistema Integrado de Medidas de Mitigación de Riesgo de Dispersión de Sirex noctilio
1978c85_23	73	0.2967454826141048	La resolución regional deberá disponer las medidas de prevención fitosanitarias que deberán ser adoptadas para garantizar el menor riesgo durante el tránsito
7e10306_76	74	0.2959920416546741	Procedimiento operativo para la utilización del sistema disuasivo de seguridad de entintado de billetes
ed1f15e_199	75	0.2936290592417039	e) Identificación de los peligros y evaluación de los riesgos de la actividad (Matriz de Riesgo)
7cffd6b_140	76	0.2931888267806524	g) Disponer de los mecanismos necesarios para asegurar el respaldo, tanto del aplicativo como de los datos
2f64c84_25	77	0.2927260587919279	El monto estimado de la inversión es de 650 millones de dólares
f33e182_105	78	0.2924076336649375	(a) El precio unitario de cada una de las partidas involucradas en las actividades o Nuevas Inversiones de Carácter Menor que instruya realizar
dab85da_86	79	0.2910278552182086	De no cumplir dichas acciones se procederá a hacer efectiva la garantía
7092a6e_20	80	0.2907604921209075	: Tortricidae), mitiga el riesgo de introducción de Anarsia lineatella (Lep
4f11af6_7	81	0.2884328143125183	615 de 2008, que regula el Programa de Preinversión en Riego
3d181ac_170	82	0.28828056934915336	Del impacto medioambiental de los proyectos de inversión comunal
1739c19_302	83	0.2877221932052786	- Patrimonio de la sociedad al momento de la inversión (UF):
1f6ae9d_30	84	0.2876544623545987	2: Corresponde al empleador eliminar o mitigar los riesgos detectados, para lo cual aplicará un programa de control, el que elaborará utilizando para ello la metodología señalada en la Norma Técnica referida
a22ba1c_401	85	0.2858700156607388	2 Actualización de los Valores de Inversión referenciales de las obras de ampliación
1739c19_37	86	0.2855352099770945	Aquellas cuyo patrimonio no exceda las UF 50,000 al momento de la primera inversión concretada con recursos del Fondo
7cffd6b_131	87	0.28539715166877144	e) Proporcionar mecanismos de seguridad de accesos y registros
131f13b_48	88	0.28522676814790593	Estar en condiciones de otorgar las garantías que Indap le solicite
40baed4_8	89	0.28476620332227076	"1° Ejecútase el Acuerdo Nº 261, de 2018, adoptado por el Comité de Capital de Riesgo el 9 de marzo de 2018, que modifica Acuerdo Nº 246, de 2017, que autorizó las Normas Operativas del ""Programa de Financiamiento a Fondos de Inversión de Capital de Riesgo para el Fomento Forestal y Maderero - Fondo Forestal y Maderero"""
d6b5576_37	90	0.2837096237322264	El mecanismo de indexación del incremento señalado será el que establezca el decreto tarifario de la empresa Essal S
d6b5576_42	91	0.2837096237322264	El mecanismo de indexación del incremento señalado será el que establezca el decreto tarifario de la empresa Essal S
b663d26_10	92	0.28303719098285995	Que, el Código Sanitario otorga facultades a la Seremi de Salud para tomar decisiones que contribuyan a disminuir factores de riesgos a la Salud Pública
d181ba5_9	93	0.28303719098285995	Que, el Código Sanitario otorga facultades a la Seremi de Salud para tomar decisiones que contribuyan a disminuir factores de riesgos a la Salud Pública
8adacc9_12	94	0.2827713508041352	"Artículo único: Delégase en el Subsecretario de Minería, la facultad de firmar ""por orden del Ministro de Minería"", los actos administrativos a través de los cuales se presenten iniciativas de inversión al Sistema Nacional de Inversiones, para el proceso presupuestario 2011"
cd20008_3659	95	0.2824391514843937	reglamento, entre otras, deberán cumplir, solicitaciones mecánicas frente a sismos
a0c6bcf_70	96	0.2822734764229352	a) Identificación y evaluación de los riesgos asociados a la práctica de la actividad de buceo recreativo autónomo
f33e182_138	97	0.28215389860857476	E) Pago de las actividades y/o Nuevas Inversiones de Carácter Menor
1739c19_192	98	0.281356657633264	Las Administradoras podrán proponer al Comité de Capital de Riesgo, al momento de su postulación, una estructura distinta de aportantes a las descritas en los párrafos anteriores, la que podrá ser aprobada o rechazada en la medida que, a juicio de dicho órgano, se contemplen instancias y mecanismos efectivos de gobierno corporativo del Fondo y de control de potenciales conflictos de interés
7e10306_69	99	0.2810854546054673	Se entenderá que las medidas físicas de seguridad implementadas en relación a un cajero han sido vulneradas, cuando dichas medidas no han impedido la sustracción del dinero que contenía
1739c19_6	100	0.2803523417243441	"""1° Autorícense las Normas Operativas del Programa de Financiamiento a Fondos de Inversión de Capital de Riesgo para el Fomento Forestal y Maderero - Fondo Forestal y Maderero, mediante el siguiente texto:"
cb1ceff_99	101	0.28002993524931297	Su construcción y diseño estará orientada a prevenir el riesgo de contaminación de los productos
1739c19_265	102	0.279139143298645	Estrategias y proceso de desinversión, así como esquemas de beneficios, respecto al reparto de las utilidades del proyecto forestal
f30304d_14	103	0.2784768829013483	a) Proponer al Ministro de Agricultura medidas orientadas a reducir y manejar los riesgos y fenómenos extremos que deben enfrentar las actividades silvoagropecuarias;
3434b51_485	104	0.2781063615105308	Los mecanismos de aceptación de pago del o los Estudios de Valorización;
1739c19_244	105	0.27780395830937454	f) Copia del Acta de la Sesión de Directorio en la que se acuerde la creación del Fondo de Inversión;
7cffd6b_139	106	0.27773499686928194	f) Proporcionar mecanismos de seguridad de accesos y registros
e7414a8_870	107	0.2770920590189839	incentivos queden totalmente cubiertas con los fondos disponibles para el
a74c823_3	108	0.2764954364528023	- Que los cruces de calles son lugares particularmente riesgosos para los motociclistas;
ca327ce_124	109	0.27595503721491454	En caso de haber existido tales inversiones, se deberá indicar el monto, la fuente de financiamiento, la naturaleza de la inversión realizada y su estado actual si se trata de una obra
bf25048_174	110	0.275817699591401	Integrar la planificación urbana con los programas de inversión
ca327ce_60	111	0.27489457292871244	e) Inversiones Públicas en el ámbito Silvoagropecuario
f33e182_139	112	0.27381641568931436	Para efectos de hacer frente al pago de las actividades y/o Nuevas Inversiones de Carácter Menor, indicadas en la letra A) de este artículo 1,10
742f481_29	113	0.27368806629067244	Del Mecanismo de Estabilización del Precio del Cobre
dfe46c7_555	114	0.2732881046528354	La extracción del jugo se debe hacer por sistemas mecánicos
d3b3f42_811	115	0.2730083125598963	Cuando no sea posible cumplir con lo anterior, se deberá solicitar autorización a la Superintendencia para reducir dichas distancias, presentando un estudio que incluya un análisis de riesgo
3996e2e_140	116	0.2723825388879888	- Identificar los principales requisitos de los Estándares de Seguridad para Riesgos de Fatalidades
35d6c99_127	117	0.27224910669452873	Dicha garantía será aplicada exclusivamente a la ejecución del Plan de Abandono o recuperación
742f481_88	118	0.2717413730448599	Costos de contratación de servicios a entidades externas para las inversiones financieras del Fondo
67240be_56	119	0.27053319190241076	089,06, acompañando al efecto un presupuesto detallado y explicando que dado su excesivo valor, el mecanismo del VPIm impediría el financiamiento de las medidas
1739c19_8	120	0.26926192876052735	"Dichos recursos están disponibles para los Fondos, con arreglo a las siguientes normas del Programa de Financiamiento a Fondos de Inversión de Capital de Riesgo para el Fomento Forestal y Maderero - Fondo Forestal y Maderero, en adelante el ""Programa"""
f33e182_76	121	0.2690150571932892	Será obligación de la Sociedad Concesionaria que, en todo momento, las Nuevas Inversiones de Carácter Menor se encuentren cubiertas por los seguros del Contrato de Concesión, en los términos y condiciones señalados en las presentes Bases de Licitación, en todo lo que les sea aplicable, siendo de su responsabilidad efectuar los endosos a las pólizas vigentes si fuera necesario
3996e2e_113	122	0.2690107602154982	Módulo E - Identificación de peligros y evaluación de riesgos
3996e2e_54	123	0.26889649914842173	- Conocer y diferenciar los conceptos de Peligro y Riesgo
e7414a8_249	124	0.2686431370541025	n) Recomendar la aplicación de prácticas destinadas a mitigar los efectos de
3660f3b_7	125	0.267922332788181	El riesgo de accidentes para las personas que se dedican a esta actividad, así también para los automovilistas que circulan por la carretera
c7255b0_283	126	0.26785927755787053	Para el caso de deudores de entidades financieras o sus cesionarias que no suscriban convenio a que se refiere el inciso anterior, el MINVU implementará un mecanismo a fin de hacer efectiva la aplicación del beneficio
d3b3f42_817	127	0.26689520792347654	El análisis de riesgo deberá realizarse para todo el largo de la tubería involucrada
d3b3f42_356	128	0.266204748051427	Estas distancias deberán aumentarse si existe riesgo de inestabilidad para las construcciones existentes
1739c19_176	129	0.26592066123880875	Así como experiencia en la administración y levantamiento de capital para fondos de inversión constituidos con más de USD 40 millones en total
be85dc1_8	130	0.26579909485130904	Que, el Código Sanitario otorga facultades a la Seremi de Salud para tomar decisiones que contribuyan a disminuir factores de riesgo a la salud pública
bebfe54_14	131	0.2656096803462378	Si durante la inspección se detectan plagas, se aplicarán las medidas fitosanitarias de manejo de riesgo, acordes con el riesgo identificado
3996e2e_141	132	0.26555434330169536	- Conceptos claves de Estándares de Seguridad para Riesgos de Fatalidades (ESRF)
ed1f15e_221	133	0.2650488590846991	En ésta deberá quedar constancia del resultado de las actividades de prevención de riesgos y el seguimiento a medidas adoptadas como consecuencias de dichas actividades
1739c19_15	134	0.26458540848780854	"a) Comité de Capital de Riesgo: En adelante e indistintamente ""CCR"""
7cffd6b_193	135	0.264578617109939	El valor de la inversión propuesta por el adjudicatario de la licitación será aquella considerada como la inversión necesaria para la implementación del OAP, cuantificándose en base a dicho valor los aportes al monto de la inversión a que están obligadas las concesionarias correspondientes, según lo establece el artículo 25° bis de la ley N° 18,168, y al que deberán contribuir en su oportunidad las nuevas concesionarias
3996e2e_37	136	0.2644372313375347	- No es exigible a Expertos de Prevención de Riesgos
3996e2e_64	137	0.26403098878700737	º Peligro, Riesgo, Actos y Condiciones Inseguras, Medidas Correctivas y Preventivas
1739c19_185	138	0.26392764817614744	Esta protocolización se efectuará sobre un documento aprobado con la Subgerencia Legal Financiera de Corfo y previo a la presentación en el Comité de Capital de Riesgo
99801b1_35	139	0.26341232063817677	El monto de la inversión es aproximadamente 25 millones de dólares
cd20008_2700	140	0.2625878169145992	Reducción de las Distancias de Seguridad con Formas de Protección Específicas
14b1c87_642	141	0.2625654258811714	Vigencia de Planes de Cierre de Seguridad Minera del Título X del Reglamento de Seguridad Minera
4ff9995_38	142	0.260917840807404	Se considera esta amenaza en toda la extensión del Plan
4ff9995_44	143	0.260917840807404	Se considera esta amenaza en toda la extensión del Plan
4ff9995_47	144	0.260917840807404	Se considera esta amenaza en toda la extensión del Plan
4ff9995_51	145	0.260917840807404	Se considera esta amenaza en toda la extensión del Plan
4ff9995_55	146	0.260917840807404	Se considera esta amenaza en toda la extensión del Plan
4ff9995_70	147	0.260917840807404	Se considera esta amenaza en toda la extensión del Plan
4ff9995_74	148	0.260917840807404	Se considera esta amenaza en toda la extensión del Plan
03007e5_11	149	0.26044412777684667	- Que el Código Sanitario otorga facultades a la Seremi de Salud para tomar decisiones que contribuyan a disminuir los factores de riesgo a la salud pública
3a803a7_105	150	0.26011922558754996	Además se deberán instalar señalizaciones informativas y de prevención de riesgos
630f624_72	151	0.26011922558754996	Además se deberán instalar señalizaciones informativas y de prevención de riesgos
7546484_72	152	0.26011922558754996	Además se deberán instalar señalizaciones informativas y de prevención de riesgos
bf25048_179	153	0.25974351335185886	Velar por la eficiencia de las inversiones en infraestructura pública en la ciudad y el territorio
9e0e0e1_31	154	0.25974003424956404	Que se ha realizado el Análisis de Riesgo para Plaga Cuarentenaria de Epiphyas postvittana (Lep
7e10306_39	155	0.25967842038139155	c) Las medidas propias de seguridad del lugar donde se instala el cajero automático, y
3996e2e_123	156	0.25964204886750464	- Identificación del Peligro, Evaluación del Riesgo y Medidas de Control
99a59af_61	157	0.2595438511923296	sobre riesgos para los asentamientos humanos y protección de infraestructura
b30ccc3_17	158	0.25942825890235754	) son insuficientes para manejar el riesgo de introducción de plagas cuarentenarias a Chile, para envíos de este producto reglamentado procedentes de Ecuador
6deca72_19	159	0.2593177052704976	Décimo cuarto: Que el Código Sanitario otorga facultades a la SEREMI de Salud para tomar decisiones que contribuyan a disminuir factores de riesgo para la salud pública
b59887e_21	160	0.2593177052704976	Décimo Cuarto: Que el Código Sanitario otorga facultades a la Seremi de Salud para tomar decisiones que contribuyan a disminuir factores de riesgo para la salud pública
bdd26ca_18	161	0.2593177052704976	Décimo cuarto: Que el Código Sanitario otorga facultades a la Seremi de Salud para tomar decisiones que contribuyan a disminuir factores de riesgo para la salud pública
ce9cd67_17	162	0.2593177052704976	Décimo cuarto: Que el Código Sanitario otorga facultades a la Seremi de Salud para tomar decisiones que contribuyan a disminuir factores de riesgo para la salud pública
ed1f15e_152	163	0.2579431575079588	Los operadores de las Plantas de GNL, deberán velar por su correcta operación, mantenimiento e inspección posterior a puesta en servicio, a objeto de desarrollar las actividades en forma segura, disminuyendo al máximo los eventuales riesgos que la operación presente para las personas y cosas
3996e2e_159	164	0.25788808762219273	- Aplicar controles asociados a los riesgos de Salud Ocupacional
742f481_21	165	0.25782636028512285	Componente de Recuperación: Monto que se sustrae a la Tarifa, expresado en la unidad de medida de ésta, en el proceso de aplicación del mecanismo de estabilización a los Beneficiarios
ea67edc_321	166	0.25750487667200916	En caso de incorporar barreras de vapor para disminuir el riesgo de condensación intersticial, es necesario asegurar su continuidad y su instalación debe realizarse bajo el revestimiento interior o sobre éste
0f9a0b0_35	167	0.25602924754525935	Forma parte integrante del presente decreto, el cronograma de inversiones correspondiente a los servicios sanitarios otorgados en ampliación que, la empresa ESSAL S
74eadfa_35	168	0.25602924754525935	Forma parte integrante del presente decreto, el cronograma de inversiones correspondiente a los servicios sanitarios otorgados en ampliación que, la empresa ESSAL S
b0b2216_5	169	0.2554410650764092	Que el nivel de riesgo sanitario que implica la importación de ciertos productos industrializados de origen pecuario es bajo
1739c19_191	170	0.2553607119361243	Podrán constituirse de una forma distinta, siempre que cuenten con uno o más inversionistas institucionales que tengan entre ellos, en total, a lo menos, una participación del 50% de los aportes al Fondo
eab951b_71	171	0.2552440881107815	Aportes de financiamiento reembolsables por capacidad de disposición
eab951b_91	172	0.2552440881107815	Aportes de financiamiento reembolsables por capacidad de disposición
1739c19_201	173	0.2543212268396077	a) Definir una política de diversificación, que establezca que del total de hectáreas atendidas por las empresas en que invierta el Fondo de Inversión, como máximo un 50% podrá destinarse a predios relacionados a beneficiarios definidos en el numeral 2,1 literal e)
67240be_88	174	0.25410726372433246	Sin perjuicio de lo anterior, en la presente concesión se estipula un mecanismo de cobertura por parte del MOP de los sobrecostos por medidas ambientales adicionales
4ff9995_39	175	0.2541057255833499	Según calificación de las amenazas realizada, ésta tiene una clasificación de amenaza ALTA
dfe46c7_229	176	0.2539516275792013	El organismo de certificación deberá exigir el establecimiento de barreras apropiadas y medidas precautorias que minimicen el riesgo de contaminación o contaminantes por deriva u otras causales
742f481_11	177	0.25271561255011155	Ley: Ley Nº 21,055, que crea un mecanismo de estabilización del precio del cobre para la pequeña minería
14b1c87_445	178	0.25270459757249	Su emisión permitirá solicitar la modificación del tipo de instrumentos, la reducción del monto de la Garantía y la devolución de los eventuales excedentes respecto de la o las instalaciones cerradas
1adb72b_2085	179	0.25243360600884723	En todo caso se señalará que el riesgo podrá provenir de una situación accidental, sea repentina o gradual
a094c4d_117	180	0.25195179796040157	Los vehículos motorizados estacionados deberán hacerlo con el motor apagado
ac08984_18	181	0.2514938193770604	Por el contrario, a los beneficiarios que tengan puntajes inferiores, se les mantendrá la modalidad actual referida sólo al cobro de la tarifa de corto plazo y, en tal sentido, no se les exigirá un aporte a la inversión
515929a_9	182	0.2512110131451486	Tortricidae) dentro de la evaluación de riesgo, de acuerdo a la información enviada por USDA
1739c19_16	183	0.2511732302630111	Comité de Corfo creado en virtud del artículo 7º del DFL 211, de 1960, del Ministerio de Hacienda, que tiene a su cargo los Programas de Capital de Riesgo de la Corporación de Fomento de la Producción
6b313ef_4	184	0.2506299712218687	Que, las medidas de supresión mediante la utilización de controladores biológicos específicos, y las de contención implementadas para el control de Sirex noctilio han permitido minimizar el riesgo de dispersión de la plaga por medio del movimiento de maderas reguladas
d3b3f42_400	185	0.25062125869115004	Fecha de re-inspección de acuerdo a Matriz de Riesgo (dd/mm/aa)
eab951b_84	186	0.2505598325617946	Aportes de financiamiento reembolsables por capacidad de distribución de
31d80e0_19	187	0.2505215094612978	En este contexto, el FIE ha focalizado sus inversiones en iniciativas de alto impacto cuyos resultados tempranos deben materializarse en el 2018
91b657f_27	188	0.25037466516845774	Asimismo, los antecedentes reseñados dan cuenta de la necesidad de evitar la proliferación de permisos que puedan perjudicar de manera irreversible el proceso de planificación, frente a la presión de nuevas edificaciones de gran envergadura que conlleven impactos negativos comprometiendo, entre otros, aspectos relacionados a la existencia de riesgos en el sector
e7414a8_794	189	0.2502329688104177	El resto de los Planes de Manejo se ordenarán decrecientemente
eab951b_69	190	0.24833204368389772	Aportes de financiamiento reembolsables por capacidad de recolección
eab951b_87	191	0.24833204368389772	Aportes de financiamiento reembolsables por capacidad de recolección
7e10306_61	192	0.24789817956879523	Artículo 12º: Medidas de seguridad físicas de los cajeros automáticos
9e0e0e1_33	193	0.2478147370392203	Que el Análisis de Riesgo para Plaga Cuarentenaria de Epiphyas postvittana (Lep
0ddcba3_28	194	0.24777577584313537	2 Actualización de los Valores de Inversión Base Para determinar el V
630f624_71	195	0.2475821573993815	Se deberán colocar señalizaciones para establecer el tránsito seguro de vehículos y maquinaria pesada
f7e985b_13	196	0.24747233584071426	c) Bioseguridad: Las acciones o medidas de seguridad que se aplican a un Organismo Vivo Modificado y a sus productos derivados, para el manejo del riesgo implícito derivado de él
c7baa1f_35	197	0.24743884360807344	k) Ejecutar trabajos de mecánica en la vía pública, salvo los de emergencia o por fuerza mayor
cd20008_305	198	0.24738171084135163	Elemento mecánico, electrónico, electromecánico o combinación de éstos, que actúa al presentarse una condición de operación previamente establecida como peligrosa, restringiendo o interrumpiendo el flujo de gas
3aee665_4	199	0.24686474222560328	- Que, con motivo de lo anterior se estimó necesario flexibilizar los instrumentos financieros que pueden utilizar las empresas mineras, de modo que les permita liberar capacidad de sus líneas de crédito, lo que llevará consecuencialmente a contar con un escenario de mayor capital de trabajo como también para el aseguramiento del cumplimiento del respectivo plan de cierre de faenas mineras
26b00aa_260	200	0.24667602476267292	El riesgo de desastres es consecuencia de la interacción entre los factores de amenaza, vulnerabilidad y exposición
d3b3f42_859	201	0.2466424887951555	a) Dispositivos de seguridad para evitar que se produzcan sobrepresiones
64446c8_77	202	0.24633777203714813	657, deberá acreditar, a lo menos, un avance no inferior al veinticinco por ciento (25%) de las actividades e inversiones proyectadas de acuerdo a los montos y actividades consignados en el artículo tercero anterior
b09c154_67	203	0.24633777203714813	657, deberá acreditar, a lo menos, un avance no inferior al veinticinco por ciento (25%) de las actividades e inversiones proyectadas de acuerdo a los montos y actividades consignados en el artículo tercero anterior
e1b0925_67	204	0.24633777203714813	657, deberá acreditar, a lo menos, un avance no inferior al veinticinco por ciento (25%) de las actividades e inversiones proyectadas de acuerdo a los montos y actividades consignados en el artículo tercero anterior
fcbf6b8_86	205	0.24633777203714813	657, deberá acreditar, a lo menos, un avance no inferior al veinticinco por ciento (25%) de las actividades e inversiones proyectadas de acuerdo a los montos y actividades consignados en el artículo tercero anterior
3a803a7_104	206	0.24631333850020454	Se deberá colocar señalizaciones para establecer el tránsito seguro de vehículos y maquinaria pesada
12a91a7_161	207	0.24618264933820388	- Establecer un mecanismo para que los contratantes de los servicios de los operadores acreditados puedan conocer sus méritos o deficiencias profesionales
3996e2e_117	208	0.24585441921054463	- Conocer y aplicar el proceso de identificar, evaluar y controlar riesgos
07e62a4_31	209	0.24582814392917363	7) Plan de seguridad de la instalación destinada a cancha de pruebas, certificado por un prevencionista de riesgo acreditado con su título profesional
f33e182_145	210	0.24581819054685328	En el caso que el Ministerio de Hacienda no apruebe dicho diferencial presupuestario, las actividades y/o Nuevas Inversiones de Carácter Menor no se realizarán
f30304d_9	211	0.24550890613905318	c) Apoyar la evaluación de los riesgos agroclimáticos y de fenómenos extremos;
c163e57_14	212	0.2449974217663543	En caso de surgir controversias en la aplicación de dicha norma ellas deberán ser resueltas por los mecanismos pacíficos de solución de controversias aplicables
1adb72b_1734	213	0.24478817035366296	Las medidas de prevención de riesgos tienen por finalidad evitar que aparezcan efectos desfavorables en la población o en el medio ambiente
cd20008_163	214	0.24457572121750049	Conjunto formado por conductores eléctricos o tuberías de gas y los accesorios que aseguran su fijación y protección mecánica
7092a6e_14	215	0.2443042281408	: Tetphritidae), por lo tanto las medidas de vigilancia, manejo comercial y fitosanitario de los envíos, entregan un grado de seguridad acorde con el riesgo mínimo
dfe46c7_551	216	0.24429556768417282	En el caso de vendimia mecanizada, se debe limpiar acuciosamente la maquinaria, al comenzar la vendimia, en las áreas bajo manejo orgánico
3ceb012_5	217	0.24426579442008634	- Que el nivel de riesgo sanitario que implica la importación de ciertos productos industrializados de origen pecuario es bajo
3d181ac_57	218	0.2442273322235765	Salvo que use maquinaria disponible para estos menesteres
ce638af_411	219	0.2439273084392397	El resto de los Planes de Manejo se ordenarán decrecientemente según sus valores proporcionales
ce638af_413	220	0.2439273084392397	El resto de los Planes de Manejo se ordenarán decrecientemente según sus valores proporcionales
ec51c09_10	221	0.24335571729004957	El presente programa será aplicable al proceso de cosecha de moluscos susceptibles de enfermedades de alto riesgo provenientes de cultivo
35d6c99_28	222	0.2427508854754843	d) Forma en que se ejecutarán las faenas, mecanizadas
ed1f15e_234	223	0.24167898048163283	7) Evaluaciones de riesgos naturales y accidentes potenciales derivados del estudio del proyecto
38c3bdc_11	224	0.24148585325522864	- Franja de Pista: Es el terreno que comprende la pista y los sectores destinados a reducir el riesgo de daños a las aeronaves que se salgan de ella
3adf78c_7	225	0.24137308258976886	Que se ha realizado el Análisis de Riesgo para Plaga Cuarentenaria de Maruca testulalis (=M
4ff9995_45	226	0.2411433703265038	Según calificación de las amenazas realizada, ésta tiene una clasificación de amenaza MEDIA
4ff9995_48	227	0.2411433703265038	Según calificación de las amenazas realizada, ésta tiene una clasificación de amenaza MEDIA
4ff9995_52	228	0.2411433703265038	Según calificación de las amenazas realizada, ésta tiene una clasificación de amenaza MEDIA
4ff9995_60	229	0.2411433703265038	Según calificación de las amenazas realizada, ésta tiene una clasificación de amenaza MEDIA
4ff9995_63	230	0.2411433703265038	"Según calificación	de las amenazas realizada, ésta tiene una clasificación de amenaza MEDIA"
4ff9995_67	231	0.2411433703265038	Según calificación de las amenazas realizada, ésta tiene una clasificación de amenaza MEDIA
1739c19_123	232	0.2408864136732367	Procederá un prepago parcial cuando el préstamo otorgado para una determinada inversión del Fondo no se acreditare en tiempo y forma de la manera indicada en el Nº 7
9795dfb_4	233	0.2405252202757996	Que el reglamento del Fondo deberá contemplar los mecanismos que permitan alcanzar condiciones de igualdad en la participación en los concursos del Fondo, debiendo fijar un procedimiento simplificado de postulación para los pequeños propietarios forestales,
e7414a8_813	234	0.24024325816520886	planes de manejo se ordenarán a continuación en forma decreciente según
e7414a8_819	235	0.24024325816520886	planes de manejo se ordenarán a continuación en forma decreciente según
e7414a8_873	236	0.24022297807888693	alcanzare a ser totalmente financiado con los fondos disponibles en el
3996e2e_142	237	0.24006633959699097	- Operaciones con Riesgos de Accidentes Graves o Fatales
cac2296_16	238	0.23994626919986994	"Terminal ""Sociedad de Transportes Comercial e Inversiones La Palmera Ltda"
279fc02_13	239	0.23980165776118523	Esto es, que se trate de inversiones orientadas a la comunidad y que no tengan relación directa con las actividades de culto
b8565d9_41	240	0.2397829456800309	m) Para efectos del manejo de residuos peligrosos de la Planta Lo Valdés, se deberá dar cumplimiento a lo exigido por el D
7e10306_67	241	0.23961703738015538	Artículo 13º: Medidas exigibles para la reposición de cajeros cuyas medidas de seguridad físicas han sido vulneradas
ed1f15e_190	242	0.23926805512573046	responsabilidades básicas del propietario u operador y del personal, en materia de seguridad y riesgos
f33e182_71	243	0.23917699952508742	Respecto del mantenimiento preventivo, correctivo y reposición de las Nuevas Inversiones de Carácter Menor en los Programas Anuales respectivos, éstos deberán incorporarse anualmente, en el mismo plazo establecido en el artículo 1,10
ccfd9bf_35	244	0.2391201239096561	- Forma parte integrante del presente decreto, el cronograma de inversiones correspondientes a los servicios sanitarios otorgados en concesión que la Empresa de Servicios Sanitarios del Bío Bío S
1739c19_36	245	0.239107632854905	i) Para efectos de lo dispuesto en el presente Programa, son empresas elegibles para invertir los recursos del Fondo:
079319b_20	246	0.23875889850335352	c) Que se instalen medidas de seguridad que den garantía de no provocar daños a los transeúntes ni vehículos
8adacc9_8	247	0.23780207254565788	Que, conforme a lo anterior, las iniciativas de inversión que postulen a recursos sectoriales deberán efectuarse mediante oficio suscrito por la autoridad responsable de la administración de los recursos del sector, a saber, el Ministro(a) correspondiente
1adb72b_2073	248	0.23769965584190822	Del contenido y requisitos del seguro por riesgo por daño ambiental
a577c52_22	249	0.2374683351480803	U otras que otorguen seguridad, en el sentido de que el material acopiado no ofrecerá riesgos para las personas ni el medio ambiente
96193f8_56	250	0.23736287549793067	mecánico de extracción intermitente u otro que cumpla el mismo
23f9ab3_25	251	0.23732247890382963	c) Que se instalen medidas de seguridad que den garantía de no provocar daños a los transeúntes ni a los vehículos
0ddcba3_24	252	0.23731046170945436	3 Valor de Inversión y Costo de Operación, Mantenimiento y Administración referenciales El Valor de Inversión, en adelante e indistintamente el 'V
a2bca2b_3	253	0.2372352742259991	"- Apruébense, por este acto, las Bases Administrativas Especiales para la Propuesta Pública ""Instalación de Medidas de Seguridad Vial en Sectores de Alto Riesgo Comuna de Lo Prado"""
dab85da_87	254	0.23707051151140657	Con la conformidad de la Dirección de Obras, se procederá a la devolución de las garantías respetivas
99e64df_23	255	0.23681234375476035	Esta operación se realiza en húmedo para mantener la calidad del aire, minimizando el riesgo de enfermedades profesionales
80f5263_88	256	0.23669531865045168	Se deberá adjuntar a la solicitud un Plan de manejo de riesgos y de emergencia para las actividades o programas ofrecidos, de acuerdo a lo establecido por Sernatur
e7414a8_807	257	0.23661923328681111	planes de manejo se ordenarán a continuación en forma decreciente, según
5f3f9e9_3	258	0.23660956589869087	y a las condiciones de resguardo fitosanitario de los huertos, se puede concluir que el riesgo de introducción de la plaga es mínimo
131f13b_22	259	0.23629656444550773	realizar inversiones en activos fijos, para capital de trabajo, financiamiento de asistencia técnica o cualquier otra inversión necesaria para el mejoramiento de la actividad productiva y para el refinanciamiento de deudas relacionadas con dichos fines
3996e2e_107	260	0.23606961467722365	- Normas de Prevención de Riesgos - DS Nº 40 (Obligación de Informar)
ce638af_399	261	0.23590986172650685	El resto de los Planes de Manejo se ordenarán a continuación en forma decreciente según sus valores proporcionales
ce638af_415	262	0.23590986172650685	El resto de los planes de manejo se ordenarán a continuación en forma decreciente según sus valores proporcionales
ce638af_417	263	0.23590986172650685	El resto de los planes de manejo se ordenarán a continuación en forma decreciente según sus valores proporcionales
ce638af_419	264	0.23590986172650685	El resto de los planes de manejo se ordenarán a continuación en forma decreciente según sus valores proporcionales
ce638af_421	265	0.23590986172650685	El resto de los planes de manejo se ordenarán a continuación en forma decreciente según sus valores proporcionales
275e1db_16	266	0.23550858468894975	Nombrar y remover a las empresas clasificadoras de riesgo y auditoría externa
bf25048_183	267	0.2352167446102449	Identificar y considerar los riesgos naturales y antrópicos
c09d1ec_10	268	0.23491806933460768	Que se ha efectuado el Análisis de Riesgo de Plagas para Plagas cuarentenarias, de Pyrdenus muriceus,
1739c19_115	269	0.23471951122761658	Para proceder a la solicitud de dicha disminución parcial de capital en el Fondo, éste deberá cumplir con los siguientes requisitos:
8adacc9_7	270	0.23444524398580846	Que, mediante oficio ordinario Nº 051/2,964, de 23 de diciembre de 2009, el Ministro de Hacienda y la Ministra de Planificación impartieron conjuntamente instrucciones para la presentación de iniciativas de inversión al Sistema Nacional de Inversiones para el proceso presupuestario 2011
7e10306_16	271	0.2342044245642203	La fiscalización del cumplimiento de las medidas de seguridad aplicables a los cajeros automáticos por parte de las entidades obligadas, corresponderá a Carabineros de Chile, en su carácter de autoridad fiscalizadora
7cffd6b_320	272	0.23412935574487936	Para el proceso de evaluación del costo de inversión, reflejado en el monto propuesto por los distintos Proponentes, expresado conforme lo soliciten las Bases de la Licitación, se otorgará un máximo puntaje a la oferta de menor valor, disminuyendo proporcionalmente el puntaje asignado siguiendo la relación entre el monto ofrecido y el monto menor
75f87e8_49	273	0.23377489105911176	c) Programar la suspensión del suministro eléctrico en horarios que impliquen menos riesgos para el debido funcionamiento del servicio u organismo, siempre que las condiciones técnicas los permitan y no se afecte la eficiencia y efectividad de la medida de racionamiento
df49c06_50	274	0.23361615451930873	c) Programar la suspensión del suministro eléctrico en horarios que impliquen menos riesgos para el debido funcionamiento del servicio u organismo, siempre que las condiciones técnicas lo permitan y no se afecte la eficiencia y efectividad de la medida de racionamiento
eab951b_67	275	0.23352882191654123	Aportes de financiamiento reembolsables por capacidad de distribución
cd20008_4663	276	0.23334457932705743	En materia de diseño, las antiguas instalaciones deberán cumplir a los menos las disposiciones de seguridad con que fueron diseñadas
ac08984_23	277	0.23329666876273958	b) El cobro de un porcentaje menor al total de la inversión, es también un incentivo para que los potenciales beneficiarios de mayores ingresos, se incorporen al sistema y no opten por una solución particular
1739c19_320	278	0.2332252603336311	- Junta de Accionistas que aprueba el aumento de capital
2ea9e88_59	279	0.23321187419128742	b) Deberán implementar un mecanismo bioseguro de descarga a la planta de procesamiento o al centro de faenamiento
80f5263_98	280	0.2330835226770822	Para esto se prohíbe el uso de embarcaciones unipersonales motorizadas, tales como motos de agua o jet-ski
a0c6bcf_101	281	0.2330835226770822	Para esto se prohíbe el uso de embarcaciones unipersonales motorizadas, tales como motos de agua o jet-ski
35d6c99_77	282	0.2330710082356624	Además deberá instalar señalizaciones de Prevención de Riesgos, tanto informativas, de precaución y de peligro
e7414a8_78	283	0.23298090467206367	comprometidas en el Plan de Manejo, existiendo la imposibilidad de
0c00321_7	284	0.23274367289739417	a) Perfeccionar los mecanismos de participación ciudadana en todas sus etapas
74eadfa_49	285	0.23234231153315132	) - Cronograma de Inversiones de los Sistemas de Agua Potable y de Alcantarillado
eab951b_78	286	0.23229670437189343	Aportes de financiamiento reembolsables por capacidad de producción de
1739c19_236	287	0.23222271513902637	b) Fondo de Inversión solicitante con todos sus antecedentes mencionados señalados en Anexo Nº 1
11356d7_9	288	0.23196541787682956	a) Cuando antecedentes técnicos den cuenta de la existencia de un riesgo de grave descenso de los niveles en una zona del Sector Hidrogeológico de Aprovechamiento Común que pueda afectar la extracción de aguas subterráneas de derechos de aprovechamiento existentes en ella
13ae636_10	289	0.23196541787682956	a) Cuando antecedentes técnicos den cuenta de la existencia de un riesgo de grave descenso de los niveles en una zona del Sector Hidrogeológico de Aprovechamiento Común que pueda afectar la extracción de aguas subterráneas de derechos de aprovechamiento existentes en ella
2e1a938_11	290	0.23196541787682956	a) Cuando antecedentes técnicos den cuenta de la existencia de un riesgo de grave descenso de los niveles en una zona del Sector Hidrogeológico de Aprovechamiento Común que pueda afectar la extracción de aguas subterráneas de derechos de aprovechamiento existentes en ella
3c47b12_14	291	0.23196541787682956	a) Cuando antecedentes técnicos den cuenta de la existencia de un riesgo de grave descenso de los niveles en una zona del Sector Hidrogeológico de Aprovechamiento Común que pueda afectar la extracción de aguas subterráneas de derechos de aprovechamiento existentes en ella
41773d4_11	292	0.23196541787682956	a) Cuando antecedentes técnicos den cuenta de la existencia de un riesgo de grave descenso de los niveles en una zona del Sector Hidrogeológico de Aprovechamiento Común que pueda afectar la extracción de aguas subterráneas de derechos de aprovechamiento existentes en ella
6e041cc_11	293	0.23196541787682956	a) Cuando antecedentes técnicos den cuenta de la existencia de un riesgo de grave descenso de los niveles en una zona del Sector Hidrogeológico de Aprovechamiento Común que pueda afectar la extracción de aguas subterráneas de derechos de aprovechamiento existentes en ella
a71edf8_12	294	0.23196541787682956	a) Cuando antecedentes técnicos den cuenta de la existencia de un riesgo de grave descenso de los niveles en una zona del Sector Hidrogeológico de Aprovechamiento Común que pueda afectar la extracción de aguas subterráneas de derechos de aprovechamiento existentes en ella
ab3b488_11	295	0.23196541787682956	a) Cuando antecedentes técnicos den cuenta de la existencia de un riesgo de grave descenso de los niveles en una zona del Sector Hidrogeológico de Aprovechamiento Común que pueda afectar la extracción de aguas subterráneas de derechos de aprovechamiento existentes en ella
b5ef96a_11	296	0.23196541787682956	a) Cuando antecedentes técnicos den cuenta de la existencia de un riesgo de grave descenso de los niveles en una zona del Sector Hidrogeológico de Aprovechamiento Común que pueda afectar la extracción de aguas subterráneas de derechos de aprovechamiento existentes en ella
bece36c_13	297	0.23196541787682956	a) Cuando antecedentes técnicos den cuenta de la existencia de un riesgo de grave descenso de los niveles en una zona del Sector Hidrogeológico de Aprovechamiento Común que pueda afectar la extracción de aguas subterráneas de derechos de aprovechamiento existentes en ella
c729924_15	298	0.23196541787682956	a) Cuando antecedentes técnicos den cuenta de la existencia de un riesgo de grave descenso de los niveles en una zona del Sector Hidrogeológico de Aprovechamiento Común que pueda afectar la extracción de aguas subterráneas de derechos de aprovechamiento existentes en ella
db6df0c_13	299	0.23196541787682956	a) Cuando antecedentes técnicos den cuenta de la existencia de un riesgo de grave descenso de los niveles en una zona del Sector Hidrogeológico de Aprovechamiento Común que pueda afectar la extracción de aguas subterráneas de derechos de aprovechamiento existentes en ella
e1e1430_18	300	0.23196541787682956	a) Cuando antecedentes técnicos den cuenta de la existencia de un riesgo de grave descenso de los niveles en una zona del Sector Hidrogeológico de Aprovechamiento Común que pueda afectar la extracción de aguas subterráneas de derechos de aprovechamiento existentes en ella
f0f58fd_11	301	0.23196541787682956	a) Cuando antecedentes técnicos den cuenta de la existencia de un riesgo de grave descenso de los niveles en una zona del Sector Hidrogeológico de Aprovechamiento Común que pueda afectar la extracción de aguas subterráneas de derechos de aprovechamiento existentes en ella
3adf78c_9	302	0.2318180617634249	Que el Análisis de Riesgo para Plaga Cuarentenaria de Maruca testulalis (Lep
ea67edc_565	303	0.23157771196599186	Poseer un dispositivo de seguridad contra el apagado de la llama
df1cb13_11	304	0.231456590186216	1) de garantía para asegurar al Estado el cumplimiento de los planes de cierre de faenas mineras
dadc5d5_160	305	0.23110916108749313	En cualquier caso el empleador será responsable de evitar que los trabajadores realicen su trabajo en condiciones de riesgo para su salud
1f6ae9d_28	306	0.2310375413178205	Verificada alguna de las condiciones señaladas, deberá evaluarse para asignarle el nivel de riesgo correspondiente a la actividad, de acuerdo con lo establecido en la Norma Técnica referida
1739c19_138	307	0.23100469592690365	Cumplidos 60 meses, contados desde la fecha del Contrato de Apertura de Línea de Crédito, el Fondo deberá haber acreditado inversiones por un monto no inferior al 30% del crédito aprobado
40baed4_9	308	0.23081535358073113	"2° Modifícase la resolución (A) Nº 114, de 2017, que ejecutó el Acuerdo Nº 246, de 2017, adoptado por el Comité de Capital de Riesgo el 25 de agosto de 2017, que aprobó el ""Programa de Financiamiento a Fondos de Inversión de Capital de Riesgo para el Fomento Forestal y Maderero"", en el sentido de efectuar las siguientes modificaciones al numeral 15, denominado ""Requisitos del Reglamento Interno de los Fondos"":"
1ee01ea_19	309	0.23074500293077826	c) El reembarque de la maquinaria usada que se rechace dentro de los plazos que establezca el Servicio
60cd142_129	310	0.23072097927939672	c) Los mecanismos de aceptación de pago del o los estudios;
7cffd6b_97	311	0.2295669460603883	n) Formas y mecanismos de pago de las transacciones
06c33f2_12	312	0.22948542830833796	Nombrar y remover a las empresas clasificadoras de riesgo y de auditoría externa
a2c22e4_12	313	0.22948542830833796	Nombrar y remover a las empresas clasificadoras de riesgo y de auditoría externa
c66c64c_12	314	0.22948542830833796	Nombrar y remover a las empresas clasificadoras de riesgo y de auditoría externa
11356d7_10	315	0.22834537176646275	b) La demanda comprometida sea superior a la recarga de éste, ocasionando riesgo de grave disminución de los niveles del Sector Hidrogeológico de Aprovechamiento Común, con el consiguiente perjuicio de derechos de terceros ya establecidos en él
13ae636_11	316	0.22834537176646275	b) La demanda comprometida sea superior a la recarga de éste, ocasionando riesgo de grave disminución de los niveles del Sector Hidrogeológico de Aprovechamiento Común, con el consiguiente perjuicio de derechos de terceros ya establecidos en él
2e1a938_12	317	0.22834537176646275	b) La demanda comprometida sea superior a la recarga de éste, ocasionando riesgo de grave disminución de los niveles del Sector Hidrogeológico de Aprovechamiento Común, con el consiguiente perjuicio de derechos de terceros ya establecidos en él
3c47b12_15	318	0.22834537176646275	b) La demanda comprometida sea superior a la recarga de éste, ocasionando riesgo de grave disminución de los niveles del Sector Hidrogeológico de Aprovechamiento Común, con el consiguiente perjuicio de derechos de terceros ya establecidos en él
41773d4_12	319	0.22834537176646275	b) La demanda comprometida sea superior a la recarga de éste, ocasionando riesgo de grave disminución de los niveles del Sector Hidrogeológico de Aprovechamiento Común, con el consiguiente perjuicio de derechos de terceros ya establecidos en él
6e041cc_12	320	0.22834537176646275	b) La demanda comprometida sea superior a la recarga de éste, ocasionando riesgo de grave disminución de los niveles del Sector Hidrogeológico de Aprovechamiento Común, con el consiguiente perjuicio de derechos de terceros ya establecidos en él
a71edf8_13	321	0.22834537176646275	b) La demanda comprometida sea superior a la recarga de éste, ocasionando riesgo de grave disminución de los niveles del Sector Hidrogeológico de Aprovechamiento Común, con el consiguiente perjuicio de derechos de terceros ya establecidos en él
ab3b488_12	322	0.22834537176646275	b) La demanda comprometida sea superior a la recarga de éste, ocasionando riesgo de grave disminución de los niveles del Sector Hidrogeológico de Aprovechamiento Común, con el consiguiente perjuicio de derechos de terceros ya establecidos en él
b5ef96a_12	323	0.22834537176646275	b) La demanda comprometida sea superior a la recarga de éste, ocasionando riesgo de grave disminución de los niveles del Sector Hidrogeológico de Aprovechamiento Común, con el consiguiente perjuicio de derechos de terceros ya establecidos en él
bece36c_14	324	0.22834537176646275	b) La demanda comprometida sea superior a la recarga de éste, ocasionando riesgo de grave disminución de los niveles del Sector Hidrogeológico de Aprovechamiento Común, con el consiguiente perjuicio de derechos de terceros ya establecidos en él
c729924_16	325	0.22834537176646275	b) La demanda comprometida sea superior a la recarga de éste, ocasionando riesgo de grave disminución de los niveles del Sector Hidrogeológico de Aprovechamiento Común, con el consiguiente perjuicio de derechos de terceros ya establecidos en él
db6df0c_14	326	0.22834537176646275	b) La demanda comprometida sea superior a la recarga de éste, ocasionando riesgo de grave disminución de los niveles del Sector Hidrogeológico de Aprovechamiento Común, con el consiguiente perjuicio de derechos de terceros ya establecidos en él
e1e1430_19	327	0.22834537176646275	b) La demanda comprometida sea superior a la recarga de éste, ocasionando riesgo de grave disminución de los niveles del Sector Hidrogeológico de Aprovechamiento Común, con el consiguiente perjuicio de derechos de terceros ya establecidos en él
f0f58fd_12	328	0.22834537176646275	b) La demanda comprometida sea superior a la recarga de éste, ocasionando riesgo de grave disminución de los niveles del Sector Hidrogeológico de Aprovechamiento Común, con el consiguiente perjuicio de derechos de terceros ya establecidos en él
7546484_71	329	0.2282249887069222	- Se deberá colocar señalización para establecer el tránsito seguro de vehículos y maquinaria pesada
86f7862_27	330	0.22797159098559017	Los mecanismos de acceso a la información relevante
93f3cbb_179	331	0.22782365802688354	A continuación, se ubicarán el resto de los planes de manejo en forma decreciente según la proporción de su aporte
ce638af_397	332	0.22782365802688354	A continuación, se ubicarán el resto de los planes de manejo en forma decreciente según la proporción de su aporte
14b1c87_46	333	0.22775686305588771	Evaluación de Riesgos: Procedimiento mediante el cual se establecen y analizan los riesgos de una Faena Minera o instalación minera, de forma de determinar si dichos riesgos revisten o no el carácter de significativo
7e10306_29	334	0.22769200324061312	g) Sistema disuasivo de entintado de billetes: El conjunto de mecanismos y tecnologías, que tienen por objeto impregnar con tintas indelebles y penetrantes al menos el 20% de la superficie de los billetes de cualquier especie contenidos en un cajero automático, frente a un ataque a los sistemas o medidas de seguridad física del mismo
7e10306_77	335	0.22751662091183678	Artículo 15º: Procedimiento operativo del sistema disuasivo de seguridad de entintado de billetes
35d6c99_50	336	0.22744144334104432	Por otra parte, todos los procesos de trituración, chancado o reducción mecánica de materiales deberán estar equipados con sistemas de captación de polvo
7f82f42_34	337	0.22702228721171602	"""Las concesiones mecanizadas expirarán, o bien cumplido el plazo de la concesión, o bien agotados los montos totales máximos a extraer autorizados en el proyecto de explotación aprobado por la D"
7e10306_25	338	0.22680447809506443	c) Sistemas de grabación de imágenes: Conjunto de elementos, mecanismos y procedimientos, que permiten captar y almacenar imágenes en alta definición relativas a la seguridad de los cajeros automáticos, de manera que se puedan reproducir
8adacc9_11	339	0.22680205965787636	"Que, con el objeto de hacer más expedito el trámite de presentación de iniciativas de inversión al Sistema Nacional de Inversiones para el proceso presupuestario 2011, se ha estimado conveniente delegar en el Subsecretario de Minería, el ejercicio de firmar ""por orden del Ministro de Minería"" los oficios, u otros actos administrativos, a través de los cuales se presenten dichas iniciativas al citado Sistema,"
2799ee4_123	340	0.22672540910048256	c) El procedimiento a seguir en caso de que no hubiere disponibilidad suficiente de oficinas, y el mecanismo para compartirlas
ca327ce_123	341	0.22627708369193433	* Inversiones públicas en el ámbito silvoagropecuario: Se indicará si en los últimos 10 años se han efectuado inversiones en algunos de los predios comprendidos dentro del área del proyecto
abe5f22_25	342	0.22616325164906237	k) Evaluación de riesgos, que indique las posibles causas de un accidente, sus consecuencias y las medidas de prevención y mitigación asociadas, cuando corresponda, según lo establecido por el reglamento antes referido
0f9a0b0_52	343	0.22606828864044248	- Cronograma de Inversiones de los Sistemas de Agua Potable y de Alcantarillado
ccfd9bf_51	344	0.22606828864044248	"-	Cronograma de Inversiones de los Sistemas de Agua Potable y de Alcantarillado"
131f13b_50	345	0.2259175482171606	Utilizar los recursos financieros para los fines que fueron solicitados
8e668d6_29	346	0.22579146325996002	Si durante la inspección se detectan plagas reglamentadas distintas a las mencionadas en esta resolución, se aplicarán las medidas fitosanitarias de manejo del riesgo, acordes con el riesgo identificado
79859b9_87	347	0.22567121363644682	Son aquellas áreas restrictivas para el desarrollo urbano con el objeto de asegurar el funcionamiento adecuado de importantes obras de infraestructura y, al mismo tiempo, minimizar los riesgos que su uso urbano implicaría para los asentamientos humanos
1739c19_5	348	0.22548739003761908	- Ejecútese el Acuerdo Nº 246, de 2017, adoptado por el Comité de Capital de Riesgo en la Sesión Nº 8-2017, celebrada el 25 de agosto de 2017, del siguiente tenor:
4c407fd_30	349	0.22462687797602754	Si durante la inspección se detectan plagas distintas a las mencionadas en esta resolución, se aplicarán las medidas fitosanitarias de manejo del riesgo, acordes con el riesgo identificado
64f2c4b_28	350	0.22462687797602754	Si durante la inspección se detectan plagas distintas a las mencionadas en esta resolución, se aplicarán las medidas fitosanitarias de manejo del riesgo, acordes con el riesgo identificado
9c5f741_28	351	0.22462687797602754	Si durante la inspección se detectan plagas distintas a las mencionadas en esta resolución, se aplicarán las medidas fitosanitarias de manejo del riesgo, acordes con el riesgo identificado
af5083d_28	352	0.22462687797602754	SI durante la inspección se detectan plagas distintas a las mencionadas en esta resolución, se aplicarán las medidas fitosanitarias de manejo del riesgo, acordes con el riesgo identificado
cbb7f1e_53	353	0.22462687797602754	Si durante la inspección se detectan plagas distintas a las mencionadas en esta Resolución, se aplicarán las medidas fitosanitarias de manejo del riesgo, acordes con el riesgo identificado
f1bfc96_34	354	0.22462687797602754	Si durante la inspección se detectan plagas distintas a las mencionadas en esta resolución, se aplicarán las medidas fitosanitarias de manejo del riesgo, acordes con el riesgo identificado
0058c31_33	355	0.22430260700390914	Tortricidae) dentro de la evaluación de riesgo, de acuerdo a la información enviada por USDA/APHIS
ecf5ff3_219	356	0.22391704345489805	de financiamiento reembolsables por capacidad serán
f30304d_33	357	0.2237932537533176	b) Coordinación ministerial regional para la promoción y ejecución de instrumentos relacionados con la gestión integral de riesgos, específicamente de los seguros agrícolas;
f0dbed2_19	358	0.22362569854871417	Y además podrá incluir seguros que cubran enfermedades catastróficas
7d848b4_18	359	0.22359458562272683	d) El personal que manipule las sustancias peligrosas deberá estar debidamente capacitado sobre los peligros y riesgos asociados a su manipulación
0e2a9e9_36	360	0.22330458281872945	- Encomiéndase a la Dirección de Secretaría Municipal remitir por carta certificada el presente decreto a la Inmobiliaria e Inversiones Korlaet y Cía
a155bdf_31	361	0.22319687123678233	- Establecer y aplicar un mecanismo para verificar la acreditación de las inversiones comprometidas en los proyectos construidos, de manera de cautelar se cumplan las variables aporte y costo comprometidos al momento de su postulación al Concurso Público correspondiente, mediante el debido control y la justificación de las inversiones con la documentación correspondiente, de acuerdo a lo establecido en los artículos 5º y 6º inciso tercero de la ley y el artículo 24 del Reglamento, emitiendo un informe favorable o de rechazo de la acreditación, cuando corresponda, de acuerdo a los procedimientos que establezca la Secretaría Ejecutiva de la Comisión Nacional de Riego
0984111_130	362	0.2229280861980748	Cobro de los Aportes de Financiamiento Reembolsables
e7548c2_103	363	0.2229280861980748	Cobro de los aportes de financiamiento reembolsables
c5b67fd_6	364	0.22267790635275475	) provenientes de Perú, identificándose como riesgos que deben manejarse a través de medidas fitosanitarias a las plagas cuarentenarias de Anastrepha fraterculus y Ceratitis capitata
3996e2e_124	365	0.22231964536336812	- Evaluación de Riesgos en: Procesos Rutinarios o Repetitivos, Procedimientos Ocasionales y Operaciones Específicas
26b00aa_131	366	0.2220572257992679	Es así como se propone profundizar las instancias público-privadas y generar mayor inversión en infraestructura estratégica con el objeto de alcanzar un desarrollo sostenible
a0c6bcf_71	367	0.2219374346015932	b) Identificación y evaluación de los riesgos asociados al medio de transporte utilizado
faf0b7e_9	368	0.22186098492049844	El interés de la Municipalidad de La Serena por generar mecanismos ambientales que permitan aminorar estos efectos
179f80a_24	369	0.2216179095588856	Si durante la inspección se detectan plagas distintas a las mencionadas en esta resolución, se aplicarán las medidas fitosanitarias de manejo de riesgo, acordes con el riesgo identificado
786ae66_22	370	0.2216179095588856	Si durante la inspección se detectan plagas distintas a las mencionadas en esta resolución, se aplicarán las medidas fitosanitarias de manejo de riesgo, acordes con el riesgo identificado
e8c8d22_26	371	0.2216179095588856	Si durante la inspección se detectan plagas distintas a las mencionadas en esta resolución, se aplicarán las medidas fitosanitarias de manejo de riesgo, acordes con el riesgo identificado
e7414a8_14	372	0.22160989403062192	le permite solicitar un monto de incentivo inferior al máximo posible de
1f6ae9d_11	373	0.22156452689556827	- De los Factores de Riesgo de Lesión Musculoesquelética de Extremidades Superiores
1739c19_42	374	0.22152541744894627	El Fondo podrá tener el 100% de las acciones de estas sociedades
86f7862_61	375	0.22136242304949716	Los mecanismos contemplados en la ley Nº 20,285 también servirán para estos fines
35d6c99_91	376	0.22123082237334346	Todos los procesos de trituración, chancado o reducción mecánica de materiales integrales, deberán estar equipados con sistemas de captación de polvo, con el objetivo de disminuir las emisiones fugitivas de material particulado
0066d2d_11	377	0.22097207976830202	Que, en virtud del acuerdo sobre la Aplicación de Medidas Sanitarias y Fitosanitarias de la Organización Mundial de Comercio, los países están facultados para adoptar medidas de emergencia, para reducir al mínimo el riesgo de ingreso de plagas a su territorio
f84b563_41	378	0.2209675857704536	El resto de los planes de manejo, se ordenarán a continuación, en forma decreciente según sus valores proporcionales
1adb72b_1311	379	0.22087218007238962	A objeto de evaluar si se genera o presenta el riesgo a que se refiere el inciso anterior, se considerará:
15df6c5_38	380	0.2208656107956829	a) Fijar anualmente el mecanismo de reajustabilidad y los intereses que
ed1f15e_196	381	0.2207829561868161	- Aseguramiento de la integridad mecánica y la confiabilidad del equipamiento crítico, entre otros, estanques y tuberías
ed1f15e_200	382	0.22058042880549011	f) Planes y programas de prevención y control de riesgos
c8d1523_27	383	0.22026093079422115	SU OBJETO O TEMÁTICAS QUE SE ABORDARÁN EN EL PROCESO DE PLANIFICACIÓN O LÍNEAS DE ACCIÓN Y MECANISMOS
3ece130_13	384	0.21981807982574952	El sistema de descompresión, en lo que corresponda, deberá cumplir con esta misma norma de seguridad
cd20008_2045	385	0.21968769365194452	Cuando exista riesgo de caída de medidores de gas hacia los pisos inferiores, se deberá instalar una rejilla o losa, bajo éstos
742f481_92	386	0.2196411479079008	Los recursos que recupere Enami por la aplicación del Mecanismo de Estabilización del Precio del Cobre para el año 2016, de acuerdo con lo dispuesto en el artículo segundo transitorio de la ley Nº 21,055
4e503e3_11	387	0.21953873053628103	Que en virtud del Acuerdo sobre la Aplicación de Medidas Sanitarias y Fitosanitarias de la Organización Mundial del Comercio, Artículo 5, los países están facultados para adoptar medidas de emergencia, para reducir al mínimo el riesgo de ingreso de plagas a su territorio
776a525_5	388	0.21953873053628103	Que en virtud del Acuerdo sobre la Aplicación de Medidas Sanitarias y Fitosanitarias de la Organización Mundial del Comercio, Artículo 5, los países están facultados para adoptar medidas de emergencia, para reducir al mínimo el riesgo de ingreso de plagas a su territorio
1ee01ea_22	389	0.21876120602526117	Si durante la inspección se detecta el no cumplimiento de los requisitos establecidos o plagas no reglamentadas, se aplicarán las medidas fitosanitarias de manejo del riesgo, acorde con el riesgo identificado
ac1be7a_19	390	0.21868508797635	": Tortricidae) de acuerdo al programa de manejo del riesgo acordado entre SAG y USDA/APHIS"""
9d97f9c_1	391	0.21852759140753641	Que se ha desarrollado el Análisis de Riesgo de Plagas, lo que ha permitido establecer los requisitos fitosanitarios de ingreso para frutos frescos de tomate (Lycopersicon esculentum) para consumo, producidos en lugares de producción bajo malla antiafidos en Perú
1739c19_241	392	0.21839561709217847	Sin embargo, a efectos de certificar la elegibilidad de un Fondo para ser presentada al Comité de Capital de Riesgo, deberán acompañarse aportes comprometidos mediante contratos de promesas de suscripción y pago de cuotas
f33e182_47	393	0.21836802829383273	En particular, se ha hecho evidente durante el periodo de operación de estos hospitales, que existen requerimientos de inversiones de baja envergadura, pero cuya implementación debe ser rápida para ser eficaz, permitiendo con ello mejorar significativamente el funcionamiento de los Establecimientos Hospitalarios
61c0077_94	394	0.21829246540298775	5,9 Copia de los antecedentes relativos a seguridad señalados en el punto 3,3, y los datos del experto en prevención de riesgos que se señalan a continuación:
271c207_21	395	0.2179777529032555	"""La administración del instrumento Capital Semilla Emprende será, por regla general, mediante la modalidad agenciada"
b9b7f6b_35	396	0.2179777529032555	"""La administración del instrumento Capital Semilla Emprende será, por regla general, mediante la modalidad agenciada"
7cffd6b_161	397	0.21797266628913603	- El SGP deberá contar con mecanismos de seguridad, que permitan acceder a la información de manera restringida de acuerdo a los permisos y perfiles definidos para estos efectos
ac08984_15	398	0.2176899581860079	En la práctica, significa determinar qué segmento de la población beneficiada debiera aportar a la inversión y cuál debiera ser ese aporte
eab951b_65	399	0.21750376599797927	Aportes de financiamiento reembolsables por capacidad de producción
742f481_20	400	0.21702541151468502	Componente de Sustentación: Monto que se adiciona a la Tarifa, expresado en la unidad de medida de ésta, en el proceso de aplicación del mecanismo de estabilización a los Beneficiarios
09815a0_13	401	0.21689103525520104	Que, se ha realizado el Análisis de Riesgo de Plagas para Plagas Cuarentenarias de semillas de Vitis spp
d8f2126_21	402	0.21650466885731712	Si durante la inspección se detectan plagas distintas a las mencionadas en esta resolución, se evaluará la aplicación de medidas fitosanitarias de manejo del riesgo, acordes con el riesgo identificado
fe9c066_29	403	0.21569088730826746	Las presentes bases establecen los mecanismos para la postulación de los interesados y la adjudicación de dichos recursos para el presente año
80c3486_3	404	0.21557103664088462	Que las habilitaciones constituyen el mecanismo oficial para verificar que los establecimientos pecuarios que exportan sus productos a Chile cumplen con las condiciones sanitarias, estructurales y operacionales que entreguen las garantías requeridas para determinar que los productos no representan un riesgo para la salud de las personas y de los animales
3aee665_25	405	0.21525984044929436	") que le sigue, la expresión: ""que determina la ejecución de la garantía financiera"""
7e10306_70	406	0.21523615463227597	Medidas de seguridad para impedir o dificultar la clonación y la obtención fraudulenta de las claves personales de los usuarios en un cajero automático
aa75f37_17	407	0.21511345866603626	Destino de los recursos: Los créditos podrán ser solicitados con fines de refinanciamiento de deudas o con los siguientes fines: Realizar inversiones en activos fijos para capital de trabajo, financiamiento de asistencia técnica o cualquier otra inversión necesaria para el mejoramiento de la actividad productiva
cd20008_4664	408	0.21476491519137697	No obstante lo anterior, la Superintendencia podrá exigir ante la evidencia de un riesgo inminente, el cumplimiento parcial o total del presente reglamento
7cffd6b_121	409	0.21455435935530032	d) Respaldo: El sistema deberá disponer de mecanismos de respaldo y seguridad, así como de procesos de recuperación de información, que garanticen la disponibilidad, integridad y seguridad de toda la información recabada y almacenada con motivo de los distintos procesos de portabilidad
e7508a5_102	410	0.214508680212263	Respecto de las empresas productoras de tabaco elaborado
f7e985b_15	411	0.21436764789914364	e) Cuarentena de Cultivo en Bioseguridad: Medidas de resguardo, durante la temporada de crecimiento del cultivo agronómico de un Organismo Vivo Modificado, destinadas a minimizar los potenciales riesgos, que pudiese tener su liberación en un ecosistema determinado
3d181ac_173	412	0.21432497715697763	Artículo 75: De ser necesario, la Municipalidad exigirá incluir en las obras contenidas en un determinado proyecto de inversión, medidas que minimicen la magnitud de los impactos ambientales negativos que se ha previsto provocarán
31de35e_116	413	0.214111880624005	El incremento de máquinas de ejercicios debe velar por realizar un circuito de ejercitación y en lo posible no considerar repeticiones de ellas
2d8b308_74	414	0.21398646542608857	El manejo de los humedales urbanos debe realizarse por medio de un enfoque adaptativo, abordando las amenazas que los afectan
61c0077_75	415	0.21394926733230557	1 Reglamento Interno de Seguridad en el cual se detallen las medidas de seguridad destinadas a evitar o disminuir los riesgos de accidentes, enfermedades profesionales y daños a las instalaciones (prevención de riesgos en el manejo del GLP, procedimiento de trabajo seguro, hoja de datos de seguridad del GLP, programas de seguridad, permisos para trabajos, prohibiciones, etc
d2f9b79_569	416	0.2136092943141754	de decisiones y evaluación de riesgos; periodicidad
0ddcba3_66	417	0.21344499947201556	3 Máxima Cobertura de Riesgos La Empresa deberá especificar claramente en las Bases que el monto máximo, presentado en la oferta, destinado a cubrir riesgos relacionados con la construcción del Proyecto, la operación del sistema u otros, no podrá ser superior al 25% del V
bf25048_177	418	0.2131813910559015	Establecer reglas que otorguen certeza al desarrollo de proyectos
e7414a8_749	419	0.21278211679319214	en forma decreciente según la proporción de su aporte
39c2ed8_8	420	0.21262217951711126	3° La necesidad de establecer mecanismos de control que garanticen el correcto desarrollo y ejecución del procedimiento de inspección periódica de las instalaciones de gas
d6b5f2b_5	421	0.21246388463271637	Que en resolución SAG Nº 1,408 de 2001 se establecen requisitos fitosanitarios para manejar el riesgo asociado a las plagas Byturus unicolor, Argyrotaenia franciscana (=A
cbb7f1e_22	422	0.2122929969723607	Que se ha realizado el Análisis de Riesgo de Plagas para estacas de cítricos (Citrus spp
fb505d8_32	423	0.21214318132818777	17, sobre riesgos para los asentamientos humanos y protección de infraestructura, (
c8d1523_15	424	0.21181532219589372	Aprovechar la inversión de carácter pública en infraestructura, y atraer inversión de carácter privada, que permita el desarrollo urbano y económico de la comuna
f33e182_100	425	0.2116372835410253	"Sin perjuicio de lo anterior, en caso que alguna de las partidas involucradas en la respectiva actividad o Nueva Inversión de Carácter Menor no tenga asignado un valor en el ""Anexo de Precios Unitarios Oficiales del artículo 1,10"
5571de3_26	426	0.21157651147750633	El SAG adjudicará estos fondos a través de concursos públicos, y las presentes bases establecen los mecanismos para la postulación de interesados y la adjudicación de dichos recursos
61c0077_33	427	0.21108265923108316	Además de lo establecido en esta norma, para cada caso particular se deben adoptar las medidas adicionales de seguridad que se estimen necesarias para eliminar cualquier riesgo que se origine por situaciones especiales no consideradas en ella, como asimismo en el caso de instalaciones no contempladas en la Norma Chilena Oficial NCh2103
e4dad70_7	428	0.21085697127566738	- Que es necesario aplicar medidas fitosanitarias en las áreas bajo control oficial según el riesgo de dispersión de la plaga a través de los productos que se movilizan hacia las áreas en peligro
418ca89_66	429	0.21079055829097681	seguros contratados por la Empresa Nacional de Minería
0ddcba3_76	430	0.21013667473570685	b) Garantía de Ejecución, por un monto menor o igual al 10% del valor del contrato
c697d79_17	431	0.2099001931387905	El establecimiento deberá reevaluar su análisis de peligros, bajo las siguientes condiciones:
0d24286_21	432	0.20987672853203598	Desde su puesta en funcionamiento existe una cuadrilla específica de trabajadores dedicados a su mantención, un plan de mantenimiento y un plan de acción frente a distintos riesgos;
b2d3764_9	433	0.2098605654765766	Que se ha desarrollado el Análisis de Riesgo de Plagas para Plagas Cuarentenarias de plantas de Sansevieria spp
4b38b3d_48	434	0.20967607515020625	Evita la consolidación de proyectos habitacionales densos en un área afecta a riesgo por inundaciones, lo que está en armonía con la circular DDU N° 175/2006
35d6c99_51	435	0.20949810375426448	Todos los procesos de trituración, chancado o reducción mecánica de materiales integrales deberán estar equipados con sistemas absorbentes del ruido que generen con el objeto de disminuir las emisiones de ruido ambiental del proyecto
f7d9b0b_37	436	0.20943956440869993	c) Plano de clasificación de zonas de riesgo de explosión
4ee243c_10	437	0.2089580628223433	Que se ha realizado el Análisis de Riesgo de Plagas para Plagas Cuarentenarias, para Pseudomonas syringae pv
4a61160_5	438	0.2088361116446995	Que en resolución SAG Nº 1,410 de 2001 ,se establecen requisitos fitosanitarios para manejar el riesgo asociado a las plagas Platynota stultana, Argyrotaenia franciscana (=A
e3be281_7	439	0.20877919183805083	- Que con el objetivo de minimizar los riesgos de accidentes en estas situaciones, el Secretario Regional Ministerial de Vivienda y Urbanismo de la Región de Arica y Parinacota solicita, mediante el Ord
e7c7738_14	440	0.20835653607773952	Que, en virtud del Acuerdo sobre la Aplicación de Medidas Sanitarias y Fitosanitarias de la Organización Mundial del Comercio, Artículo 5, los países están facultados para adoptar medidas de emergencia, para reducir al mínimo el riesgo de ingreso de plagas a su territorio
e7414a8_789	441	0.20824054338731846	literal no aplica tratándose de planes de manejo de mantención
5d4a4af_28	442	0.20794051899750077	"Introdúcense las siguientes modificaciones al Contrato de Préstamo Componente de Inversiones del Proyecto ""Manejo Sustentable de Residuos Sólidos X Región"":"
e7508a5_108	443	0.2079185934515596	Las empresas productoras de tabaco elaborado serán responsables de resguardar las marcaciones adquiridas, reportando a través de los sistemas de la empresa proveedora del sistema toda pérdida, deterioro, robo o cualquier otra situación que afecte la validez de las marcaciones
9f99392_2	444	0.20787189377869464	"- Apruébanse, por este acto, las bases administrativas especiales y especificaciones técnicas para la propuesta pública ""Instalación de medidas de seguridad vial en sectores de alto riesgo comuna de Lo Prado"""
23f2d6d_6	445	0.20754420640281412	para calificar las áreas bajo cuarentena de Sirex noctilio, según el riesgo de dispersión de la plaga en maderas hospedantes que se movilizan hacia el área en peligro
433148e_26	446	0.2073804223235245	7 sobre riesgos para asentamientos humanos y protección de infraestructura y del artículo 2,1
295eff0_14	447	0.20731514670471096	Que el Análisis de Riesgo para la plaga Drosophila suzukii (Dip
7898da5_12	448	0.20731514670471096	Que el Análisis de Riesgo para la plaga Drosophila suzukii (Dip
a20c750_18	449	0.20731514670471096	Que el Análisis de Riesgo para la plaga Drosophila suzukii (Dip
cd20008_4238	450	0.20728880460519528	g) Los accesorios forjados especificados podrán ser sustituidos por otros mecanizados a partir de barra o tocho, con propiedades mecánicas equivalentes
b30ccc3_18	451	0.20714194640925432	Que se acordó con Ecuador realizar una visita técnica in situ, a lugares de producción y empacadoras de piñas, con el fin de establecer medidas de mitigación del riesgo para evitar la introducción de Succinea spp
e7414a8_766	452	0.20709403461072984	El resto de los planes se ubicarán en forma decreciente de
f33e182_135	453	0.20704516071622803	El atraso en la ejecución de las actividades y/o Nuevas Inversiones de Carácter Menor instruidas, en el plazo dispuesto por el Inspector Fiscal, hará incurrir a la Sociedad Concesionaria en una multa de 50 UTM por cada día o fracción de día de atraso
7e10306_71	454	0.20682073380523547	Artículo 14º: Medidas de seguridad contra la clonación y la obtención fraudulenta de las claves personales utilizadas en los cajeros automáticos
e7414a8_875	455	0.20646999576749503	efectiva la asignación de los recursos disponibles para la implementación
1739c19_190	456	0.20607412697885896	g) Los Fondos de Inversión Privados deberán tener un mínimo de cuatro aportantes, no relacionados directa o indirectamente entre sí, con una participación no inferior al 10% de las cuotas pagadas del Fondo cada uno
1adb72b_1724	457	0.2058803887915066	- Las medidas de mitigación tienen por finalidad evitar o disminuir los efectos adversos del proyecto o actividad, cualquiera sea su fase de ejecución
52cd9df_22	458	0.20579362167214788	Estos sectores contribuyen con emisiones de material particulado que aumentan el riesgo de efectos adversos sobre la salud de la población
93f3cbb_182	459	0.20567966937509585	El resto de los proyectos se ordenarán a continuación en forma decreciente según sus valores proporcionales
086db85_22	460	0.20554748961841285	g) Plan de inversión: Documento elaborado por el oferente, en el que expresará los montos que invertirá trimestralmente en el recinto, los que deberán estar asociados al presupuesto oficial, a objeto de dar cumplimiento a los términos de la concesión
5775820_24	461	0.20535502997674815	Estas diferencias se imputarán al Fondo de Estabilización, hasta su total recuperación, en capital e intereses
a9acbd1_142	462	0.20521368850000554	Sin embargo, el ingreso de material destinado a investigación, podrá ser autorizado por el Servicio sin un Análisis de Riesgo, previa evaluación de las condiciones de bioseguridad
0984111_145	463	0.20514458947360426	Valor máximo a cobrar por concepto de aportes de financiamiento reembolsable
244ed62_221	464	0.20514458947360426	Valor máximo a cobrar por concepto de aportes de financiamiento reembolsable
d6b5576_101	465	0.20514458947360426	Valor máximo a cobrar por concepto de aportes de financiamiento reembolsable
e7548c2_118	466	0.20514458947360426	Valor máximo a cobrar por concepto de aportes de financiamiento reembolsable
f1fe763_71	467	0.20514458947360426	Valor máximo a cobrar por concepto de aportes de financiamiento reembolsable
f33e182_148	468	0.20508629640537845	Si el plazo existente entre la aprobación de las actividades y/o Nuevas Inversiones de Carácter Menor ejecutadas y el Pago correspondiente al mismo año fuese menor a 60 días, éste se realizará en la fecha de Pago subsiguiente a la de la aprobación de las actividades y/o Nuevas Inversiones de Carácter Menor
657fb26_2	469	0.20473477197088996	Que, se ha desarrollado el Análisis de Riesgo de Plagas, lo que ha permitido establecer los requisitos de importación para plantas de Clematis spp
0c00321_19	470	0.20473475056288848	Párrafo 1º: De los Mecanismos de Participación Ciudadana
3996e2e_120	471	0.20468068480975632	- Conocer los principales Peligros, Riesgos y Medidas de Control en Exploración y Sondaje, Minería a Rajo Abierto, Minería Subterránea, Procesos de Lixiviación, Procesos de Flotación, Fundición, Embarque, Aducciones, Infraestructura
379c758_79	472	0.20428230442169049	Cuando las multas superen el 50% del valor de la garantía se hará efectiva el total de ella
e7414a8_802	473	0.2041482716501939	no aplica tratándose de planes de manejo de mantención
14b1c87_623	474	0.20413489988636646	Para estos efectos, deberán acompañar el Plan de Cierre aprobado por el Servicio en virtud del Título X del Reglamento de Seguridad Minera, con una propuesta de valorización del mismo
f33e182_60	475	0.204085550781821	El Inspector Fiscal, de propia iniciativa o a solicitud fundada del Director del Establecimiento Hospitalario correspondiente, podrá instruir a la Sociedad Concesionaria la realización de actividades o Nuevas Inversiones de Carácter Menor, conforme a lo siguiente:
086db85_32	476	0.20363343773100595	o) Reparación: Toda acción que es necesario efectuar a las instalaciones situadas en el área de concesión, con el propósito que éstas adquieran nuevamente el nivel de servicio para el que fueron proyectadas, que deben ser ejecutadas por el concesionario en conformidad a lo establecido en el plan de inversión
cd20008_2844	477	0.2035913097780505	c) Se prohíbe el uso de extintores automáticos sobre los quemadores
7e10306_6	478	0.20355288318458364	Que, en orden a establecer las medidas mínimas de seguridad aplicables a la instalación y operación de cajeros automáticos, dispensadores o contenedores de dinero de cualquier especie, se requiere la dictación del correspondiente acto administrativo; por tanto:
1adb72b_1495	479	0.20338601436775516	Asimismo, se describirán las medidas de prevención de riesgos y de control de accidentes, según lo establecido en el Párrafo 1º del Título VI de este Reglamento
7e10306_12	480	0.20337879945694193	Las medidas mínimas de seguridad que, de acuerdo con el presente decreto, resulten aplicables a las entidades obligadas, en lo relativo a la instalación y operación de cajeros automáticos, deberán incorporarse en sus respectivos estudios de seguridad, regulados en el decreto ley Nº 3,607, de 1981
5927976_65	481	0.20327086163087094	f) suelos con riesgo cierto de deslizamientos o remoción en masa, y
ecbeb65_66	482	0.20327086163087094	f) suelos con riesgo cierto de deslizamientos o remoción en masa, y
f33e182_94	483	0.20321246534523918	"El procedimiento para instruir la realización de actividades y/o Nuevas Inversiones de Carácter Menor, así como para determinar el valor de las mismas, será determinado por el Inspector Fiscal, en base a la urgencia de la actividad o inversión que se requiera y a la modalidad de procedimiento más idóneo para la determinación de su valor en relación al tipo de actividad o inversión de que se trate, pudiendo utilizar el ""Procedimiento de contratación directa a la Sociedad Concesionaria por precios unitarios"", a que se refiere el número 1 siguiente, o el ""Procedimiento de valorización por presupuesto de menor valor"", establecido en el número 2 subsiguiente"
6301044_112	484	0.20303557903511726	"Corresponde a las ""áreas de riesgo"" por presencia de pendientes y remoción en masa, de acuerdo a lo señalado en los planos de Restricción PRC Talagante - RDU - 01 a 02"
f33e182_103	485	0.20301281070752408	El Inspector Fiscal, mediante anotación en el Libro de Explotación de la Obra o mediante Oficio, podrá instruir directamente a la Sociedad Concesionaria la ejecución de las actividades y Nuevas Inversiones de Carácter Menor, señaladas en la letra A) de este artículo 1,10
d3b3f42_651	486	0.202873103640834	Los conductores eléctricos deberán estar proyectados para las corrientes de consumo, ser mecánicamente resistentes, tener buena aislación y estar protegidos contra posibles daños físicos
e7414a8_544	487	0.20286652979571396	Haber iniciado la ejecución del Plan de Manejo con anticipación, de
c8d6044_16	488	0.2027867663065097	- FRANJA DE PISTA: Superficie definida que comprende la pista y la zona de parada, si la hubiese, destinada a reducir el riesgo de daños a las aeronaves que se salgan de ella y proteger a las aeronaves que la sobrevuelan durante las operaciones de despegue o aterrizaje
69e4e67_22	489	0.20269330890112247	Los contribuyentes deberán cancelar por cada máquina el valor de 1 UTM semestral
ed1f15e_205	490	0.202663832708332	La modificación de la matriz de riesgos señalada en el punto e) anterior se deberá comunicar a la Superintendencia
38b580c_10	491	0.2026417232300306	Un tope de un 90% del saldo del capital insoluto correspondiente al financiamiento de la operación, con un límite máximo de UF 18,000, y conforme la disponibilidad de cupos de cobertura del beneficiario
eab951b_109	492	0.2024659365446867	El valor máximo a cobrar por concepto de aportes de financiamiento
565565e_202	493	0.20243009038924242	El incumplimiento de estas obligaciones podrá ser motivo de rechazo de la solicitud frutal
75ffb09_30	494	0.20225225553005577	Su construcción y diseño estará orientado a prevenir el riesgo de contaminación de los productos y del ambiente
d38c3d2_86	495	0.20200981108609084	Suroeste: Forestal Comercial e Inversiones Columbia Ltda
d38c3d2_209	496	0.20200981108609084	Suroeste: Forestal Comercial e Inversiones Columbia Ltda
1739c19_11	497	0.20198727203953248	Para ello, se busca que los Fondos de Inversión utilicen los recursos disponibles para invertir en pequeñas o medianas empresas dedicadas al desarrollo de proyectos de forestación en el territorio nacional, en predios pertenecientes a los beneficiarios finales, según lo definido en las presentes normas
cd20008_3259	498	0.20194528603667017	El sistema de ventilación, ante cualquier anomalía presentada por sus dispositivos, mecanismos o automatizaciones, que afecte su normal funcionamiento, deberá detener, en forma segura, el funcionamiento de la(s) caldera(s)
61c0077_77	499	0.20171364296455718	2 Evaluación de riesgos de las instalaciones, considerando las contingencias asociadas a eventuales fuga, incendio, explosión e inundación, consistente en un estudio acabado de las condiciones particulares de la estación surtidora de GLP que permita garantizar la confiabilidad de las operaciones asociadas a ésta u otras condiciones deseables para mejorar la seguridad, entre otras, organización de excepción, procedimientos operativos que permitan actuar en forma sistemática, minimizando las improvisaciones en el manejo de tales emergencias, características de seguridad de cono de explosión
01203a9_43	500	0.2016362407389214	El monto total de la inversión para las obras de este Sistema de Tratamiento y Disposición Final de las Aguas Residuales, será de 537,000 UF + IVA
15df6c5_141	501	0.20151426438921494	automáticamente las deudas que tuviere pendiente con el Servicio por
26b00aa_51	502	0.20136062394431753	En este contexto, los municipios de menor tamaño no tienen los fondos suficientes para invertir en iniciativas de desarrollo rural, tanto a nivel de inversión como de fortalecimiento de sus capacidades técnicas y humanas
ea67edc_191	503	0.20132146823383024	Los morteros deberán confeccionarse preferentemente por medios mecánicos, por el tiempo necesario para completar al menos 100 revoluciones
cd20008_2245	504	0.20111122285470717	5 La puerta del gabinete deberá contar con un mecanismo de cierre, que impida el acceso a terceros
e7508a5_109	505	0.20102115009250632	Respecto de las empresas importadoras de tabaco elaborado
e7414a8_583	506	0.20101466549932623	vigencia no sea inferior a la del Plan de Manejo respectivo
35d6c99_88	507	0.2009557424210896	Artículo 28: Todos los procesos de trituración, chancado o reducción mecánica de materiales integrales, deberán estar equipados con sistemas absorbentes del ruido generado, con el objetivo de disminuir las emisiones de ruido ambiental del proyecto
e8c8d22_12	508	0.20094869191034204	Que, se ha realizado el Análisis de Riesgo de Plagas para plagas cuarentenarias de plantines de Helleborus spp
64446c8_61	509	0.20067484978456418	Artículo tercero: La concesionaria deberá realizar las siguientes inversiones: Revisión datos existentes: US$20,900
b09c154_52	510	0.20067484978456418	Artículo tercero: La concesionaria deberá realizar las siguientes inversiones: Revisión datos existentes: US$20,900
e1b0925_52	511	0.20067484978456418	Artículo tercero: La concesionaria deberá realizar las siguientes inversiones: Revisión datos existentes: US$20,900
fcbf6b8_71	512	0.20067484978456418	Artículo tercero: La concesionaria deberá realizar las siguientes inversiones: Revisión datos existentes: US$20,900
cd20008_3986	513	0.20043423461219323	d) sistema de seguridad por exceso de presión (sobrepresión);
ca327ce_125	514	0.20035266643146132	* Inversiones privadas en el ámbito silvoagropecuario: Se señalarán las inversiones privadas realizadas en los últimos 10 años, indicando el tipo de obra o de infraestructura materializada y el estado actual de ellas
