522fea8_48	1	1	0.7965868126965784	b) La relevancia e impacto que el producto del proceso tienen tanto para la gestión interna como para los(as) usuarios(as)
ce638af_21	2	2	0.7918909338544677	Asistencia técnica para la ejecución del Plan de Manejo: asesoría prestada al usuario por un operador acreditado, conducente a acompañar y apoyar la adecuada ejecución técnica en terreno de aquellas prácticas comprometidas en el Plan de Manejo
7bd959f_195	3	3	0.7847321216398838	Participar en la promocion y ejecucion de los programas para la capacitacion de recursos humanos
5de4585_21	4	4	0.7837567993525133	La etapa de Implementación consiste en el conjunto de actividades desarrolladas por un consultor, necesarias para dejar a la empresa en condiciones de cumplir con las exigencias establecidas en un sistema o estándar de gestión
8aa3262_22	5	5	0.7837567993525133	La etapa de Implementación consiste en el conjunto de actividades desarrolladas por un consultor, necesarias para dejar a la empresa en condiciones de cumplir con las exigencias establecidas en un sistema o estándar de gestión
8a54494_75	6	6	0.778075682905591	- Dirección: Evalúa la capacidad para dirigir y motivar a sus funcionarios hacia el cumplimiento de objetivos previamente determinados
5de4585_11	7	7	0.7755622793497212	El instrumento Fomento a la Calidad opera a través de diversas tipologías de intervención, cofinanciando a las empresas la incorporación y certificación de los siguientes sistemas o estándares de gestión:
8aa3262_13	8	8	0.7755622793497212	El instrumento Fomento a la Calidad opera a través de diversas tipologías de intervención, cofinanciando a las empresas la incorporación y certificación de los siguientes sistemas o estándares de gestión:
3ef9359_179	9	9	0.7715004651017315	El tiempo empleado en visitas profesionales y otras actividades similares será considerado útil para efectos de asistencia
708ed9d_162	10	10	0.7715004651017315	El tiempo empleado en visitas profesionales y otras actividades similares será considerado útil para efectos de asistencia
c3a586c_25	11	11	0.765242119647692	Experiencia: Experiencia del solicitante y/o de sus empresas relacionadas, en proyectos similares, en caso de poseerla, así como experiencia del equipo técnico propuesto, indicando la participación de cada uno de los integrantes en las distintas etapas y actividades a ejecutarse
586f4e7_193	12	12	0.7630178223260827	(3) Examina los aspectos claves de la gestión de los procesos, tanto del diseño enfocado en el cliente, como los de producción y servicios de entrega, así como el apoyo y gestión de calidad de sus Proveedores
c3e1746_72	13	13	0.7560716982769679	Capacitación o experiencia acreditada en la actividad que se desea desarrollar;
780c079_17	14	14	0.7548033487557029	Factores de Calificación Directivos y Profesionales con equipo a cargo:
a155bdf_19	15	15	0.7532050486079408	CNR Nº 97/2010 y sus modificaciones) con el objeto de dar garantía de buen servicio a los usuarios y contratantes de sus consultorías
93daad2_33	16	16	0.751634740021466	e) Capacidades y competencias del proponente y su equipo de trabajo, y
586f4e7_195	17	17	0.7506036975337581	(4) Considera el desarrollo de habilidades de gerencia y el desarrollo de la organización y/o empresa
fa4aac5_30	18	18	0.7503951547223646	e) Medidas de educación y difusión: Medidas que buscan motivar a las personas respecto de prácticas sustentables y de informar respecto del contenido y proceso de ejecución del plan;
dc32057_40	19	19	0.7495465741745574	Orientación a la Eficacia: Habilidad para gestionar recursos, atendiendo a plazos y calidad, para alcanzar los resultados y objetivos definidos
1575906_116	20	20	0.748966502056674	El Director estará facultado para designar un equipo colaborador que apoye la realización de sus funciones
780c079_45	21	21	0.7434856522505445	Constituye un antecedente para realizar la retroalimentación y constituye la base para establecer el diálogo entre jefatura y funcionario/a, sobre el desempeño del periodo a evaluar
e7414a8_346	22	22	0.7407617059202368	Manejo, la relacione coherentemente con los fines de la explotación
52ea45c_32	23	23	0.7404338923282274	Acreditación de Requisitos: El cumplimiento de los requisitos de calidad técnica y experiencia puede acreditarse a través del propio solicitante o de un socio, director, administrador, trabajador o autoridad superior
e7414a8_285	24	24	0.7402795047601562	de participación en actividades de capacitación sobre temas propios del
e7414a8_542	25	25	0.7400337904658909	Manejo, insumos en óptimo estado que se aplicarán en el predio,
3b64fdb_76	26	26	0.7394120056198072	Mide la capacidad para dirigir a su equipo de trabajo hacia el cumplimiento de los objetivos previamente determinados
35b8443_76	27	27	0.7393233206512633	positivamente en la comunidad y lograr que sus integrantes participen activamente, tanto en la planificacion y ejecucion de las acciones antivectoriales, como en la fase de evaluacion de todo el proceso
1cff5d6_24	28	28	0.7390004184159267	La competencia técnica del personal podrá ser demostrada a través de registros de capacitaciones, evaluaciones, entre otros
49c16e5_45	29	29	0.7389896316368497	Evalúa aquellas aptitudes del funcionario vinculadas directamente con el cumplimiento de sus funciones
ce638af_23	30	30	0.7379752025334944	Capacitación: actividad destinada a transmitir conocimientos técnicos o administrativos necesarios para el mejor logro de los objetivos del Programa, implementada por el INDAP o por el SAG o por terceros a su nombre y con su autorización en materias propias del Programa
cd11969_66	31	31	0.7376999235788593	efecto de incidir positivamente en la comunidad y lograr que sus integrantes participen activamente, tanto en la planificacion y ejecucion de las acciones antivectoriales, como en la fase de evaluacion de todo el proceso
e7414a8_93	32	32	0.7375261270008412	Práctica: tarea específica que contribuye al mantenimiento y mejora del
c8b1297_15	33	33	0.736216056646166	a) Asistencia técnica en terreno, que comprende la capacitación y supervisión para la ejecución de las actividades bonificables aprobadas en el plan de manejo que corresponda
49c16e5_48	34	34	0.7353741644816857	El funcionario demuestra interés por perfeccionar y/o actualizar conocimientos pertinentes a su área, de manera formal e informal, aplicándolos en el ejercicio de sus funciones en beneficio de la Institución
9de08a6_29	35	35	0.7339681984639171	Fomentar y apoyar las actividades criticas y reflexivas de los habitantes de las comunidades, para obtener la transformacion de su realidad a traves de programas y proyectos que contribuyan a elevar el nivel de vida, de salud, educacion, trabajo, formacion e Informacion, relaciones familiares y comunales
2bb3805_416	36	36	0.7318541493404137	Participar, cuando corresponda y sea pertinente, de la coordinación con las EGR, constructoras o contratistas y fiscalizador técnico de obras, para reforzar el adecuado desarrollo de sus funciones en cada proyecto
1dd7e96_26	37	37	0.7315731984735092	"Orientación a la Eficacia: ""Habilidad para gestionar recursos, atendiendo a plazos y calidad, para alcanzar los resultados y objetivos definidos"""
79a82b7_20	38	38	0.7315731984735092	"Orientación a la Eficacia: ""Habilidad para gestionar recursos, atendiendo a plazos y calidad, para alcanzar los resultados y objetivos definidos"""
cfb8115_66	39	39	0.7312873796295215	El sistema de evaluación de desempeño estará basado en criterios de calidad y estándares técnicos relacionados con la ejecución de las actividades bonificables y respecto de la participación de los operadores en las capacitaciones y/o talleres que se dicten por la Corporación sobre temáticas atingentes a su labor
93f3cbb_132	40	40	0.7292254143027038	1) Una vez realizadas las labores especificadas en el Plan de Manejo, el usuario podrá solicitar al Jefe de Area correspondiente hacer efectivo el beneficio
c3e1746_55	41	41	0.7281010468830181	Experiencia acreditada de la persona en el tipo de actividad a la que postula;
e7414a8_18	42	42	0.7273919316273832	Asistencia técnica para la ejecución del Plan de Manejo: asesoría
b9b7f6b_26	43	43	0.7267678356895022	participar en el mercado, apoyando la mejora de sus planes de trabajo para
9de08a6_40	44	44	0.7267339719267618	Mantener informada a la comunidad de las actividades y proyectos a ejecutar
9eee974_16	45	45	0.7253322044398098	b) Orientar, apoyar y promover la articulacion real y participativa, entre los elementos que conforman el Sistema Nacional de Generacion y Transferencia de Tecnologia, organismos formuladores y ejecutores de politicas, clientela, usuarios y beneficiarios;
7bd959f_205	46	46	0.7250576146566609	- El municipio a traves de la Asociacion de Desarrollo Turistico en coordinacion con la Unidad Tecnica de la Micro Region El Balsamo y el Ministerio de Turismo, promoveran eventos y campañas turisticas de informacion a los visitantes, asi mismo realizaran cursos de capacitacion al personal, a fin de proporcionar una mejor calidad de servicio al turista
b821b11_39	47	47	0.7241096865191188	MANEJO SOSTENIBLE: Acciones politicas, legales, de planificacion, administracion, usos, educacion, interpretacion de la naturaleza, investigacion y monitoreo que deben realizarse en un sitio para alcanzar su aprovechamiento adecuado, la permanencia de sus caracteristicas, satisfaciendo las necesidades y aspiraciones de las generaciones actuales y futuras
b821b11_42	48	48	0.7239440162669839	Este instrumento, en cuya formacion participan los sectores de la sociedad relacionados con la Areas, es el que define la categoria de manejo de las mismas
632b91b_15	49	49	0.7227150509505423	intercambiar experiencias pedagógicas, estimando sus aportes para enriquecer la enseñanza;
3ce4a28_132	50	50	0.7223411606902334	Gestionar y realizar jornadas de formacion, capacitacion y concientizacion ambiental dentro de la jurisdiccion de sus comunidades
43f0373_54	51	51	0.7216197363564247	Definir y proponer politicas, estrategias, lineamientos de accion y actividades a desarrollar, y analizar los resultados de las entidades del Sistema, para promover las acciones de mejora del mismo;
9eee974_36	52	52	0.7214811116102727	Nivel de apoyo tecnico y administrativo: sera el responsable de facilitar las condiciones que viabilicen la labor de la institucion; y
11d5c79_34	53	53	0.7211358189304239	Colaborar en la implementación y supervisión de su cumplimiento
dc32057_41	54	54	0.7202548105027184	Trabajo en Equipo: Habilidad para colaborar, desarrollar y aportar a otros en el cumplimiento de objetivos y metas
522fea8_35	55	55	0.7175062079686241	La Programación Estratégica corresponde a un documento en el que se consignan áreas estratégicas, cuya implementación se realiza a través de sistemas esenciales para la productividad de los servicios, los que estarán compuestos por objetivos
8aa3262_30	56	56	0.7174965467630982	Podrán ser igualmente beneficiarios del cofinanciamiento Corfo aquellas empresas que, independientemente del nivel de ventas, estén participando en un proyecto del Programa de Desarrollo de Proveedores -PDP-, entre cuyos objetivos esté la incorporación o certificación de un sistema o estándar de gestión
4861b11_74	57	57	0.7169618753108904	Para los efectos de su valorización, éstas incluyen los accesorios necesarios para su correcto funcionamiento
8a54494_35	58	58	0.7164664085838572	El subfactor trabajo en equipo se aplicará al personal que cumple funciones directivas, profesionales, técnicas y administrativas
12a91a7_161	59	59	0.7157274641513142	- Establecer un mecanismo para que los contratantes de los servicios de los operadores acreditados puedan conocer sus méritos o deficiencias profesionales
5de4585_28	60	60	0.7153210572697891	Podrán ser igualmente beneficiarios del cofinanciamiento CORFO aquellas empresas que, independientemente del nivel de ventas, estén participando en un proyecto del Programa de Desarrollo de Proveedores - PDP, entre cuyos objetivos esté la incorporación o certificación de un sistema o estándar de gestión
e7414a8_40	61	61	0.7131128517638736	Especialidad: práctica o grupo de prácticas sobre las cuales un operador
e7414a8_538	62	62	0.7123946445350907	prácticas de este Programa y por la misma superficie a beneficiar,
8fb61f8_188	63	63	0.7119077577549134	- El municipio a traves de la Asociacion de Desarrollo Turistico en coordinacion con la Unidad Tecnica de la Micro Region El Balsamo y el Ministerio de Turismo, promoveran eventos, campañas turisticas y de informacion a los visitantes, asi mismo realizaran cursos de capacitacion de personal involucrado en la actividad turistica, a fin de proporcionar una mejor calidad de servicio al turista
6cef0d1_19	64	64	0.711652960691966	e) Capacidades y competencias del proponente y su equipo de trabajo para el desarrollo del proyecto y la difusión de sus resultados finales
2824ed0_33	65	65	0.7112164818624256	Servir como canal y favorecer la comunicación entre la institucionalidad y los diferentes actores del sector;
1dd7e96_27	66	66	0.7104645941954825	"Trabajo en Equipo: ""Habilidad para colaborar, desarrollar y aportar a otros en el cumplimiento de objetivos y metas"""
79a82b7_22	67	67	0.7104645941954825	"Trabajo en Equipo: ""Habilidad para colaborar, desarrollar y aportar a otros en el cumplimiento de objetivos y metas"""
9de08a6_65	68	68	0.7096487810060907	Gestionar los apoyos tecnicos necesarios que ayuden a la especializacion de las actividades de cada funcion que desempeñen los miembros de la Junta Directiva
26b00aa_133	69	69	0.7095862914664591	Fomentar medidas de apoyo a un sistema de formación, capacitación, atracción de talentos y desarrollo de habilidades para la innovación, la adopción de nuevas tecnologías, el emprendimiento, el desarrollo local y la empleabilidad, en estrecha colaboración con instituciones académicas
8635241_16	70	70	0.7085968210677196	Una vez realizadas las labores especificadas en el Plan de Manejo, el usuario podrá solicitar al Jefe de Area correspondiente hacer efectivo el beneficio
9de08a6_30	71	71	0.7080284277851498	Promover la participacion organizada de la comunidad proalfindo a que los programas y proyectos ejecutados, sean una solucion a las necesidades mas sentidas de la misma comunidad
9de08a6_74	72	72	0.7080165319007875	Impulsar la participacion de la poblacion en los programas de formacion de lideres, con el fin de cualificar el nivel de conciencia y de organizacion de la comunidad, en la elaboracion de proyectos locales de caracter social y economico
326cdc5_40	73	73	0.7078107643422239	Apoyar las acciones encaminadas a lograr el funcionamiento del SINAMA
49c16e5_53	74	74	0.7077880983694776	El funcionario delega labores a personas bajo su mando, con el objeto de mejorar la rapidez y oportunidad en la resolución de los trabajos de la institución, propendiendo a incrementar la iniciativa y creatividad de sus colaboradores, sin obviar las responsabilidades propias del cargo
7bd959f_179	75	75	0.7072779078145993	Procurar la formacion de su personal a fin de garantizar recursos humanos de un alto nivel de eficiencia
7cffd6b_140	76	76	0.7068560752688189	g) Disponer de los mecanismos necesarios para asegurar el respaldo, tanto del aplicativo como de los datos
930897c_181	77	77	0.7063884663335211	Participar activamente en las jornadas de informacion o capacitacion para el buen manejo de los residuos
e1040e8_129	78	78	0.7059828708381651	El valor del costo por concepto de asesoría profesional para cada una de las actividades de:
6b555da_15	79	79	0.7034356685980321	Manual de calidad, texto en que se detalla la interacción entre los procesos y la documentación que los describe (procedimientos, instructivos, formularios, entre otros);
49c16e5_52	80	80	0.7027276258243269	El funcionario dirige y motiva a su grupo de trabajo hacia el logro de las metas y objetivos asignados para la unidad
9de08a6_137	81	81	0.701426569170722	Ejecutar obras que conduzcan al desarrollo integral de la comunidad
326cdc5_19	82	82	0.7011070963117954	b) Apoyar al Coordinador del SINAMA en el cumplimiento y seguimiento de las directrices para lograr sus objetivos
f84b563_14	83	83	0.7009483592651913	"""Las prácticas a bonificar por el Programa son las siguientes:"
c3e1746_80	84	84	0.7008116905775171	Modelo de compromiso con la comunidad cercana, expresado en creación de empleos y calidad de los mismos;
2bb3805_405	85	85	0.6989950474783229	Establecer una coordinación permanente con las EGR, empresas constructoras o contratistas y fiscalizador técnico de obras, para reforzar el adecuado desarrollo de sus funciones
c3a586c_61	86	86	0.6978520192394119	c) Experiencia del equipo técnico propuesto, indicando la participación de cada uno de los integrantes en las distintas etapas y actividades a ejecutarse
e7414a8_313	87	87	0.6971066277075503	a) Descripción pormenorizada de las prácticas que efectuará el interesado y
522fea8_52	88	88	0.6967979784881972	f) Los recursos con que cuenta cada equipo de trabajo, para mejorar la productividad en los procesos seleccionados
a0c6bcf_72	89	89	0.6967430657222796	c) Definiciones de criterios para evaluar el nivel de riesgo, condiciones y factores asociados a la práctica de la actividad, tanto para los guías como para los clientes
c3e1746_83	90	90	0.6960840371150998	Coherencia entre las actividades descritas y los resultados planteados en la propuesta técnica del proyecto;
e7414a8_20	91	91	0.6960122798788614	acompañar y apoyar la adecuada ejecución técnica en terreno de aquellas
256a069_66	92	92	0.6958599668534223	- Los grupos de trabajo podrán establecer las formas de trabajo que estimen pertinentes para el desarrollo de sus tareas, de acuerdo a la metodología de implementación definida por la Secretaría Técnica
14b1c87_383	93	93	0.6952968105906377	c) Tener participación o estar integradas por profesionales que cumplan con los requisitos señalados en el numeral anterior
2bb3805_85	94	94	0.6950705843931168	- Declaración Jurada de compromiso de tales profesionales, que asegure su participación y responsabilidad en las actividades que involucra la Asistencia Técnica
c3e1746_81	95	95	0.6947705486169514	Relación con proveedores locales para el ejercicio de la actividad
5d2c9d2_33	96	96	0.6947101124358094	e) Explicación de los aportes significativos realizados en el ejercicio de sus funciones
86f7862_20	97	97	0.6944743991805189	Fortalecimiento de la sociedad civil: Los organismos sujetos a la aplicación de esta normativa deben tender a reforzar la idea de una sociedad civil participativa e involucrada en el destino de la nación, procurando fomentar la educación cívica de las personas, a través de la entrega proactiva y publicación de la información relevante a la gestión de cada institución vinculada, en relación con sus respectivas políticas, planes, programas, acciones y ejecución presupuestaria
f283840_13	98	98	0.6939875379998228	"Se entenderá que estos proyectos o actividades son significativos cuando se trate de:"""
c8b1297_12	99	99	0.6939344054594934	Consideraciones sobre actividad de asesoría profesional:
499d53d_57	100	100	0.6932786468541754	De reconocida honorabilidad, notoria experiencia profesional identificados con el desarrollo de los sectores productivos e idoneidad para desempeñar el cargo
5bd487f_47	101	101	0.6932786468541754	De reconocida honorabilidad, notoria experiencia profesional identificados con el desarrollo de los sectores productivos e idoneidad para desempeñar el cargo
93f3cbb_151	102	102	0.6926390137718599	d) Difusión del Programa y capacitación a los operadores y productores
ed1f15e_219	103	103	0.6924788318328772	El propietario u operador de la Planta de GNL deberá mantener documentación de respaldo, en la que quede constancia de las observaciones, recomendaciones y actividades efectuadas por el experto profesional en prevención de riesgos
e7414a8_28	104	104	0.6923335120748583	Capacitación: actividad destinada a transmitir conocimientos técnicos o
3434b51_612	105	105	0.6910742744080819	En esa misma instancia, los Participantes y los Usuarios e Instituciones Interesadas podrán solicitar aclaraciones del o los Estudios de Valorización al o los consultores
0ffb34e_18	106	106	0.6908833591466946	"Las actividades las puede ejecutar el IA u otro personal de la ETFA, con competencia técnica en dichas actividades, bajo supervisión directa y presencial del IA"" (lo destacado es nuestro)"
bd2e63d_41	107	107	0.6907229892877585	b) Con una organización técnica que permita manejar en forma adecuada los materiales, archivos, estadísticas y demás elementos indispensables para desarrollar la actividad a que se dedican, y
bd2e63d_29	108	108	0.6900179645702906	Los profesionales deberán ser validados por el Servicio como contrapartes a través de los cursos de capacitación impartidos por éste, y en tal condición tendrán que participar en las reuniones informativas a las que sean convocados
e089569_46	109	109	0.6898836461574552	Las Empresas Involucradas podrán formular observaciones de carácter técnico a los Estudios de Interconexión, las cuales serán evaluadas por el Coordinador y, en los casos que corresponda, puestas en conocimiento de la Empresa Solicitante
e7414a8_875	110	110	0.6897013681556824	efectiva la asignación de los recursos disponibles para la implementación
5de4585_22	111	111	0.6896920351212555	Esta etapa tiene como objetivo evaluar en una empresa el nivel de cumplimiento de un sistema o estándar de gestión, establecer y ejecutar el plan de trabajo requerido para su certificación y dejarla en condiciones de obtener su certificación
8aa3262_23	112	112	0.6896920351212555	Esta etapa tiene como objetivo evaluar en una empresa el nivel de cumplimiento de un sistema o estándar de gestión, establecer y ejecutar el plan de trabajo requerido para su certificación y dejarla en condiciones de obtener su certificación
fd6d180_81	113	113	0.6895885587444076	Explicar brevemente (resumen) la experiencia pedagógica postulada, destacando tanto los aspectos innovadores y diferenciadores, como los principales aportes que contribuyen a mejorar la calidad de la enseñanza
cd875ca_16	114	114	0.6886453210491194	Postulante hábil: aquel que cumple con los requisitos y condiciones exigidos para acceder al programa al que opte conforme a este reglamento
5058cc5_64	115	115	0.6883970371941642	Esta información deberá estar disponible para los usuarios del Sistema
93f3cbb_45	116	116	0.6883970371941642	Esta información deberá estar disponible para los usuarios del Sistema
93f3cbb_108	117	117	0.688267279452482	5) Participación de los interesados en los Servicios de Asesorías Técnicas Prediales, PRODESAL u otros programas de fomento productivos institucionales
7429fa1_13	118	118	0.6879856004614603	Asimismo, la organización, composición y emplazamiento de sus partes en el conjunto, responden a significados y condiciones que orientaron la planificación del conjunto, con miras principalmente a la eficiencia en la producción;
43f0373_23	119	119	0.6876000105510545	Apoyar tecnicamente la ejecucion de programas y proyectos orientados al fortalecimiento de la competitividad de las micro, pequeñas y medianas empresas, especialmente en lo relacionado con los temas de calidad, productividad, innovacion o desarrollo tecnologico
7cffd6b_126	120	120	0.6875113569468282	- El OAP deberá contar con la dotación profesional y técnica suficiente e idónea que permita entregar soporte técnico a las Proveedoras, para solucionar los problemas que se puedan presentar en la operación del sistema
e7414a8_29	121	121	0.6874629609683056	administrativos necesarios para el mejor logro de los objetivos del
aa785d3_10	122	122	0.6860363259717086	Que las acciones y estudios que componen el referido proyecto fueron analizadas por el área técnica del Programa Campamentos del nivel central, verificándose que por la naturaleza estratégica del mismo se requiere una gestión especializada acorde a las necesidades y características del sector dentro de un marco técnico riguroso, por una institución con vasta experiencia en la materia, como lo constituye el Servicio de Vivienda y Urbanización, para efectos de poder asegurar el cumplimiento efectivo de los fines públicos, el bienestar de la comunidad y las familias beneficiarias
1edabde_24	123	123	0.6856908441009054	De esta manera, los asistentes podrán conocer los canales de participación, interactuar con personal calificado para aclarar dudas y recibir información sobre los alcances de las Normas
04e5ce2_21	124	124	0.6854364187281409	c) Contribuir en el diseño, implantación, mantención y mejoramiento del sistema de gestión de la calidad departamental
e7414a8_19	125	125	0.6851430617213735	prestada al usuario por un operador acreditado, conducente a elaborar,
9de08a6_136	126	126	0.6847902403691037	Facilitar la organizacion de la comunidad animando el trabajo de cada Secretaria y de cada subsector comunal, si se da el caso
780c079_44	127	127	0.683930170755919	"El objetivo es orientar al funcionario acerca de cómo mejorar su desempeño y adquirir compromisos para el resto de este período calificatorio, los que constatarán en la ""Hoja de compromiso individual de colaboración"", suscrita por el funcionario, con acuerdo de la jefatura, quien será responsable de este proceso"
3434b51_486	128	128	0.6838356331896388	La cantidad, oportunidad y forma de entrega de informes por parte del o los consultores;
0c00321_21	129	129	0.6836903662259316	Tienen por finalidad fortalecer y mejorar la gestión pública, contribuyendo a un funcionamiento más eficiente del Servicio en el cumplimiento de sus políticas, planes, programas y acciones
440c622_12	130	130	0.6836788600183881	a) Dirigir, coordinar y supervigilar el cumplimiento de las funciones encomendadas a las unidades de su dependencia
780c079_47	131	131	0.6835803715843949	Para efectuar este proceso el funcionario debe ingresar la información a la plataforma informática de Gestión de Personas, habilitada con este objetivo
8867a3d_6	132	132	0.6835108579258566	2) Que, la acción estatal permite reforzar los mecanismos que fomentan el desarrollo tecnológico, promoviendo la convocatoria tanto de empresas productivas como proveedoras, con el objeto de propiciar la capacidad asociativa de dichas entidades
3996e2e_69	133	133	0.6833763564778532	- Conocer el organismo administrador de su centro de trabajo
7cffd6b_65	134	134	0.6831824678515876	l) Disponer de un mecanismo que permita acceder a informes en línea relacionados con el desempeño de los procesos de portabilidad
586f4e7_205	135	135	0.6831533195402737	f) Elaborar documentos de apoyo en el manejo del sistema informático, tanto para los Proveedores como para los funcionarios de INDAP
7bd959f_199	136	136	0.6831194289941117	Personal conformado por guias e informadores, ubicados en lugares estrategicos
c7255b0_624	137	137	0.6826023405178857	Esta evaluación será coordinada por un funcionario designado por el Director del SERVIU respectivo para estos efectos
586f4e7_194	138	138	0.682375446598775	Incluye los procesos de una empresa y la gestión predial
9795dfb_154	139	139	0.6820985478512497	i) Metodología utilizada para verificar la correcta ejecución de las actividades a bonificar; y
c3e1746_37	140	140	0.681873749997174	En el caso que la postulación se base en un área de manejo y explotación de recursos bentónicos, la organización deberá encontrarse al día en la entrega de los seguimientos del área
7ffe9ef_10	141	141	0.6815480987641507	Que, con el objeto de lograr una mejor gestión del desempeño, de fortalecer la retroalimentación y comunicación del proceso de precalificación institucional, se ha estimado conveniente realizar las modificaciones que a continuación se señalan y que inciden en los factores y subfactores a medir en la evaluación, puntaje, valores y, por consiguiente, los puntos de la lista de calificaciones en el cual será individualizado el personal evaluado
62b07bc_32	142	142	0.6814272768140563	- Que, reconociendo la necesidad de fortalecer la gestión de recursos humanos y personal, clave en el éxito de la gestión municipal se creará la Dirección de Gestión de Personas
5f3f9e9_16	143	143	0.6810751592479358	y procede de un lugar de producción que cumple con el monitoreo y medidas de mitigación establecidas en el Plan de Trabajo
e2bb383_194	144	144	0.6809845876292495	Dentro de los mismos se promovera la introduccion gradual de programas de autorregulacion por parte de los titulares de actividades, obras o proyectos
ed1f15e_184	145	145	0.6804102086826601	El personal encargado de las actividades de operación, mantenimiento e inspección deberá conocer y estar capacitado en la ejecución de tales actividades
c3a586c_60	146	146	0.6798710643003385	b) Experiencia del proponente, y/o de sus empresas relacionadas, en proyectos similares
5571de3_223	147	147	0.6794324712202693	Cualquier observación o comentario que estime necesario poner en conocimiento, producto del seguimiento y supervisión realizado durante la ejecución del programa de trabajo
7c4a8f5_312	148	148	0.6793551222162094	- Las Unidades de Actuacion son partes o la totalidad de un determinado Plan Parcial o area definida en el PDL, las cuales se realizan a fin de facilitar el proceso de transformacion del sector
9b07f76_178	149	149	0.6788731725411875	realizadas bajo la supervisión de personal del Servicio y con
ea67edc_161	150	150	0.6786942459729559	Para los proyectos CSR tipologías individuales y colectivas, se deberá realizar un plano informativo de pendientes, efectuado por el profesional competente
7ffe9ef_52	151	151	0.6786453931527274	El objetivo es orientar al funcionario acerca de cómo mejorar su desempeño y adquirir compromisos para el resto de este período calificatorio, los que constatarán en la hoja de compromiso individual de colaboración, suscrita por el funcionario, con acuerdo de la jefatura, quien será responsable de este proceso
daebb8c_7	152	152	0.6784295210699233	Que las acciones y obras que componen el referido proyecto, fueron analizadas por el área técnica del Programa de Campamentos del nivel central, verificándose que por la naturaleza estratégica de los mismos, se requiere una gestión especializada acorde a las necesidades y características del sector dentro de un marco técnico riguroso, por una institución con vasta experiencia en la materia, como lo constituye el Servicio de Vivienda y Urbanización, para efectos de poder asegurar el cumplimiento efectivo de los fines públicos, el bienestar de la comunidad y de las familias beneficiarias
2bb3805_424	153	153	0.678386897914585	En estos casos corresponderá al SERVIU el desarrollo de los servicios y actividades de Asistencia Técnica contempladas en la presente resolución, las que podrá realizar por medio de sus profesionales o con el apoyo de personas naturales o jurídicas contratadas para esta labor, según lo dispuesto en la resolución exenta N° 8,312 (V
7cffd6b_159	154	154	0.6783366648290383	e) Módulo de Operación y Explotación, que permitirá ejecutar comandos relacionados con la administración técnica del SGP
586f4e7_227	155	155	0.6777967570650997	d) Entregar, cuando INDAP lo solicite, información que permita mejorar sus sistemas y bases de datos
8fb61f8_126	156	156	0.6775855485888846	El apoyo de la Unidad Tecnica de la Micro Region El Balsamo a traves de la promocion, estimulo y coordinacion de actividades turisticas y del establecimiento de nexos institucionales de esta con el
4c4c6e4_105	157	157	0.6775397826365146	instalaciones, debera atender las indicaciones que el personal debidamente capacitado les proporcione
2c0677d_66	158	158	0.6768684314764462	para la realizacion de obras y actividades relacionadas con dicho aprovechamiento
8a29c72_66	159	159	0.6768684314764462	para la realizacion de obras y actividades relacionadas con dicho aprovechamiento
1649ae6_26	160	160	0.6759326029085064	- El Servicio alentará la elaboración de guías de buenas prácticas que contengan recomendaciones relativas al cumplimiento de las disposiciones del presente Reglamento
8a779e6_83	161	161	0.6758153170272901	m) Difundir, cuando se estime conveniente, los resultados obtenidos en la ejecución de los proyectos apoyados
753300f_139	162	162	0.675480377618829	Acciones educativas de sensibilizacion y concientizacion
2bb3805_406	163	163	0.6752335817355865	Evaluar permanentemente los procedimientos de pago asociados a las Tareas de Asistencia Técnica y Fiscalización Técnica de Obras, y tomar medidas oportunas para optimizar la gestión del SERVIU en estas materias
12c0ba4_160	164	164	0.67519418179923	Los planes de manejo y planes de trabajo estará disponibles para quien lo requiera, debiendo la Corporación certificar su existencia respecto de un determinado predio, para quien lo solicite
59eda36_24	165	165	0.6750421645701673	Incentivar, asesorar y supervisar la creación de planes y programas educativos
1f6ae9d_18	166	166	0.6749583366939734	e) Tarea: Conjunto de acciones técnicas utilizadas para cumplir un objetivo dentro del proceso productivo o la obtención de un producto determinado dentro del mismo
7cffd6b_67	167	167	0.6746912570735608	- El OAP deberá gestionar toda la información que permita realizar adecuadamente el proceso de portabilidad, así como disponer de dicha información para efectos de actualizaciones, gestión, control y auditorías
7bd959f_150	168	168	0.6745409119284328	Organizar, coordinar y promover programas para la capacitacion de recursos humanos del municipio, para su incorporacion en actividades turisticas
8fb61f8_138	169	169	0.6745409119284328	Organizar, coordinar y promover programas para la capacitacion de recursos humanos del municipio, para su incorporacion en actividades turisticas
841de0a_27	170	170	0.6745070789470462	Sistema de información: Poner en conocimiento público la información relevante del Servicio, entendiéndose por tales: sus políticas, planes, programas, acciones y presupuestos, asegurando que ésta sea oportuna, completa y ampliamente accesible
48bdadf_157	171	171	0.6741020639891248	Para impulsar la gestion integral de cuenca se plantean las siguientes acciones:
e089569_49	172	172	0.6739568685832218	El Coordinador informará a la empresa solicitante los términos y condiciones en que la instalación que se interconectará o se modificará de manera relevante será incorporada a los Sistemas de Información y Comunicación que administre el Coordinador
2f64c84_49	173	173	0.67389121062427	Codelco División Andina se ha comprometido con las autoridades locales a colaborar en las iniciativas de capacitación de las personas de las comunas vecinas, que permitan potenciar las capacidades de la población y aumentar las posibilidades de conseguir empleo en el proyecto
1edabde_29	174	174	0.6731474544187075	Esta campaña tiene por propósito establecer un medio de comunicación directo, no solo a nivel regional sino también comunal, para mantener a las comunidades del sector directamente informadas del proceso de participación
93f3cbb_176	175	175	0.6724479490294801	i) Calidad Técnica del Plan de Manejo: Se refiere a la coherencia técnica y económica entre las prácticas sugeridas en el plan de manejo y los objetivos del programa específico a desarrollar
348cb25_13	176	176	0.6723104804370892	- El Programa desarrollará acciones de gestión y liderazgo, destinadas a generar la articulación de los establecimientos rurales en redes de colaboración, a fin de favorecer el intercambio de experiencias exitosas, de capacidades técnico pedagógicas y materiales educativos y planificar en conjunto las iniciativas de mejoramiento educativo
3434b51_483	177	177	0.6719186402915778	Las responsabilidades y obligaciones del o los consultores en relación al desarrollo del o los Estudios de Valorización y sus resultados;
14b1c87_308	178	178	0.6717973133547989	Sin perjuicio de lo señalado, el Servicio podrá dictar guías metodológicas para regular tales aspectos
052b9ad_8	179	179	0.6713824016064625	Que las obras y acciones que componen el referido proyecto, fueron analizadas por el área técnica del Programa de Campamentos del nivel central, verificándose que por la naturaleza estratégica del mismo, se requiere una gestión especializada acorde a las necesidades y características propias del sector dentro de un marco técnico riguroso, por una institución con vasta experiencia en la materia, como lo constituye el Servicio de Vivienda y Urbanización, para así asegurar el cumplimiento efectivo de los fines públicos, el bienestar de la comunidad y de las familias beneficiarias
fd6d180_96	180	180	0.671317658257571	Planificaciones completas, necesarias para explicitar los procedimientos de desarrollo de la experiencia
ff41a50_162	181	181	0.6707219630300755	Para verificar lo anterior, el Consejo podra contratar los servicios de empresas calificadas
08645ac_22	182	182	0.6706999264830472	La superficie de cada módulo debe permitir y facilitar las funciones del personal que se desempeña en los recintos, y dar las condiciones para la descarga, carga, movimiento e inspección de las mercancías sometidas a revisión por parte del SAG, definiéndose en cada caso o proyecto en particular
522fea8_68	183	183	0.6705853241703598	Los resultados de la evaluación contendrán el nivel de cumplimiento de la meta de cada indicador, el grado de cumplimiento total de las metas de cada equipo de trabajo, junto con análisis explicativo de dichos resultados
d3097e6_9	184	184	0.670544091427707	b) Emitir opiniones, propuestas o sugerencias destinadas a facilitar y potenciar la competitividad del sector, a partir de la divulgación de la normativa vigente y en conformidad con las atribuciones de los organismos sectoriales
fd6d180_94	185	185	0.67049701581982	Incluir todas las especificaciones técnicas que, a juicio de las y los postulantes, sean necesarias para complementar la presentación de la experiencia, considerando su posible utilización como fuente de inspiración o modelo de aplicación para otros profesores o grupos de profesores, como por ejemplo:
e7414a8_208	186	186	0.6704653485619794	práctica que en ellos se implemente, según la evaluación de carácter
43f0373_20	187	187	0.6704576679182346	Desarrollar una cultura de calidad en las actividades de produccion de bienes y la prestacion de servicios, asi como su mejora continua y promocion de la innovacion;
3434b51_665	188	188	0.6703238163053976	En caso de corresponder, se podrá considerar en el cálculo del valor base las particularidades constructivas y de diseño de las instalaciones, las que deberán justificarse por la empresa propietaria, arrendataria, usufructuaria o a aquellos que operen o exploten a cualquier título la instalación dedicada ante el Coordinador
e7508a5_57	189	189	0.6702563976985063	El proveedor en todas las etapas de la implementación del sistema de trazabilidad, deberá proporcionar soporte y mantención a los componentes que éste deba implementar, así como de todas las aplicaciones necesarias para el correcto funcionamiento del mismo
348cb25_26	190	190	0.6699262561320081	e) Contratar estudios y especialistas con el fin de evaluar, monitorear e investigar el impacto y el logro de los objetivos del Programa
780c079_42	191	191	0.6696899151882723	Será de responsabilidad del/la jefe/a directo/a establecer un plan en conjunto con cada funcionario de su dependencia, con objeto de, a mediano plazo, mejorar y maximizar las competencias del funcionario, tomando como punto de partida las brechas detectadas en el Informe Parcial y con el fin de alcanzar el desempeño de excelencia, serán evaluadas su avance en el Informe de Precalificación
fe9c066_159	192	192	0.6695997484133279	La supervisión debe ser durante la realización del programa de trabajo, verificando y validando, si corresponde, la ejecución de las actividades
3ef9359_110	193	193	0.6692773253474665	Su labor consistirá en proporcionar a los funcionarios y a los alumnos las fuentes de consulta necesarias para llevar a cabo sus actividades
708ed9d_107	194	194	0.6692773253474665	Su labor consistirá en proporcionar a los funcionarios y a los alumnos las fuentes de consulta necesarias para llevar a cabo sus actividades
2bb3805_88	195	195	0.6688981748195445	Los profesionales que ejerzan las actividades del ámbito social, deberán acreditar tener la formación profesional y experiencia pertinente, lo que deberá ser evaluado y monitoreado oportunamente por el SERVIU
9b75dcb_30	196	196	0.6688405517460192	En el caso de la Red de Control, esta contempla el muestreo, medición y análisis para la evaluación del cumplimiento de los parámetros indicados a continuación:
1dd7e96_24	197	197	0.66880873181415	Las conductas transversales responden a las competencias a evaluar, asociado a niveles específicos de desarrollo, de acuerdo a nivel jerárquico, conforme las necesidades del Servicio
1880295_32	198	198	0.6687443536243163	"Las propuestas de experiencias deberán entregarse en el formato ""Formulario de Presentación"" respectivo, adecuándose a los objetivos y exigencias técnicas descritas en las bases técnicas y sus documentos anexos"
fd6d180_30	199	199	0.6687443536243163	"Las propuestas de experiencias deberán entregarse en el formato ""Formulario de Presentación"" respectivo, adecuándose a los objetivos y exigencias técnicas descritas en las bases técnicas y sus documentos anexos"
3b64fdb_4	200	200	0.6684481235677349	Las directrices específicas formuladas por el Comité Interministerial de Modernización de la Gestión Pública en cuanto a la preparación de reglamentos especiales de calificaciones, los que deben reflejar la realidad funcional y sentido de servicios al usuario en cada institución, y
