93f3cbb_167	1	1	0.8231069738360316	a) Aporte: Porcentaje del costo total de ejecución de las prácticas objeto de incentivos del Sistema que serán de cargo del interesado
eab951b_65	2	2	0.8197715576093667	Aportes de financiamiento reembolsables por capacidad de producción
d491a15_177	3	3	0.7873652466464842	- Los incentivos dependeran de las posibilidades economicas de que disponga la Alcaldia
d6c44cc_187	4	4	0.7873652466464842	- Los incentivos dependeran de las posibilidades economicas de que disponga la Alcaldia
cd875ca_388	5	5	0.7790863546313975	- Podrán financiarse las siguientes obras con el subsidio de que trata este Título:
e7414a8_548	6	6	0.7771452503352844	Que la bonificación será utilizada con fines productivos tratándose
eab951b_78	7	7	0.772943952593512	Aportes de financiamiento reembolsables por capacidad de producción de
1739c19_36	8	8	0.7723963907597421	i) Para efectos de lo dispuesto en el presente Programa, son empresas elegibles para invertir los recursos del Fondo:
7c3fe0d_175	9	9	0.7702553861986736	- Los incentivos que se brinden, dependeran de las posibilidades economicas de que disponga el gobierno local
d3123a5_282	10	10	0.7685838634658978	Los ingresos de explotación corresponderán a los percibidos por concepto de pagos del Subsidio Fijo a la Operación y los Pagos Variables a la Operación
15df6c5_137	11	11	0.7665931114204778	alto costo, el Servicio podrá otorgar una ayuda económica, destinada a
ce638af_383	12	12	0.7612255887111645	b) Costo por hectárea: corresponde al costo total de ejecución de las prácticas objeto de incentivos, calculado según valores contenidos en la Tabla Anual de costos, dividido por el total de hectáreas que beneficiará el Plan de Manejo
ce638af_481	13	13	0.7561571492231226	En aquellos casos en que se justifique un cumplimiento parcial del Plan de Manejo, el incentivo se pagará proporcionalmente a lo ejecutado, para lo cual se considerará el valor de las prácticas según la Tabla Anual de Costos vigente al momento de la postulación
e7414a8_929	14	14	0.7561571492231226	En aquellos casos en que se justifique un cumplimiento parcial del Plan de Manejo, el incentivo se pagará proporcionalmente a lo ejecutado, para lo cual se considerará el valor de las prácticas según la Tabla Anual de Costos vigente al momento de la postulación
e7414a8_870	15	15	0.7548539895913304	incentivos queden totalmente cubiertas con los fondos disponibles para el
643a949_22	16	16	0.7510257803984229	Utilidades provenientes de sus operaciones;  Subsidios y aportes del Estado, provenientes de presupuestos ordinarios o extraordinarios;
ce638af_50	17	17	0.7460155191068694	- Con cargo a los recursos del Programa podrán bonificarse las siguientes actividades o subprogramas:
e7414a8_127	18	18	0.7460155191068694	- Con cargo a los recursos del Programa podrán bonificarse las siguientes actividades o subprogramas:
52a3a10_217	19	19	0.7447590797558735	- Los gastos que demande la aplicación de los incentivos a que se refiere este reglamento se imputarán a los recursos que, para estos efectos, se consignen anualmente en los presupuestos del Indap y del SAG, respectivamente
93f3cbb_275	20	20	0.7447590797558735	- Los gastos que demande la aplicación de los incentivos a que se refiere este reglamento se imputarán a los recursos que, para estos efectos, se consignen anualmente en los presupuestos del INDAP y del SAG, respectivamente
e7414a8_34	21	21	0.7446048107257561	Costo neto: valor de los insumos o labores susceptibles de ser
1739c19_276	22	22	0.7442256656977739	Esquema de incentivos de la Administradora asociado a sus compromisos de aportes en el capital del fondo y la estructura de la comisión variable;
c7255b0_832	23	23	0.7423982161087899	El primer giro del anticipo deberá estar constituido por el ahorro, aportes adicionales para el proyecto y por anticipos a cuenta del pago del subsidio
e7414a8_699	24	24	0.7418768042268575	prácticas objeto de incentivos, calculado según valores contenidos en la
e7414a8_735	25	25	0.7418768042268575	prácticas objeto de incentivos, calculado según valores contenidos en la
fe9c066_145	26	26	0.7413152182180107	Tema: gastos efectivamente pagados para la realización de las actividades contempladas en el plan de trabajo
3434b51_474	27	27	0.7381561782304457	Para estos efectos, se entenderá que los ahorros de costos podrán originarse por la prestación conjunta del servicio de transmisión en los distintos segmentos y sistemas, o por la prestación conjunta del servicio de transmisión en alguno de estos segmentos y sistema, y de otros servicios
8635241_19	28	28	0.7379404747475631	Una vez acreditado el cumplimiento de los planes de manejo, INDAP pagará los incentivos en la proporción correspondiente a los trabajos efectivamente cumplidos del Plan de Manejo aprobado y de acuerdo a los valores indicados en la tabla de costos vigente al momento de solicitar el beneficio
3434b51_280	29	29	0.7376884092623778	corresponderá a la suma de los costos eficientes de adquisición e instalación de sus componentes, de acuerdo con valores de mercado, determinado conforme a las siguientes consideraciones:
efda249_109	30	30	0.7361052934542848	- (ciento ochenta millones de pesos), con el objeto que dichos fondos sean destinados al pago de los beneficios de que trata el Programa que por este acto se aprueba
742f481_81	31	31	0.7359609019806704	Los costos asociados a la realización de estas inversiones serán de cargo del Fondo
131f13b_23	32	32	0.7354612245173526	El monto de estos créditos podrá expresarse en pesos o unidades de fomento
aa75f37_18	33	33	0.7354612245173526	El monto de estos créditos podrá expresarse en pesos o unidades de fomento
55b3aab_242	34	34	0.7347824546022022	- Se entendera como sistema de compensacion el conjunto de elementos tecnicos y juridicos, definidos de conformidad a la Ley de Ordenamiento y Desarrollo Territorial, mediante la cual los propietarios que llevan a cabo una actuacion de repercusiones urbanisticas o de modificacion de uso del suelo o zonificacion, aportan activos con solidaridad de beneficios y cargas y comparten con la municipalidad el incremento de sus rentas del suelo, generado por un acto administrativo urbanistico municipal o regional
765d4ea_246	35	35	0.7347824546022022	- Se entendera como sistema de compensacion el conjunto de elementos tecnicos y juridicos, definidos de conformidad a la Ley de Ordenamiento y Desarrollo Territorial, mediante la cual los propietarios que llevan a cabo una actuacion de repercusiones urbanisticas o de modificacion de uso del suelo o zonificacion, aportan activos con solidaridad de beneficios y cargas y comparten con la municipalidad el incremento de sus rentas del suelo, generado por un acto administrativo urbanistico municipal o regional
767c669_241	36	36	0.7347824546022022	- Se entendera como sistema de compensacion el conjunto de elementos tecnicos y juridicos, definidos de conformidad a la Ley de Ordenamiento y Desarrollo Territorial, mediante la cual los propietarios que llevan a cabo una actuacion de repercusiones urbanisticas o de modificacion de uso del suelo o zonificacion, aportan activos con solidaridad de beneficios y cargas y comparten con la municipalidad el incremento de sus rentas del suelo, generado por un acto administrativo urbanistico municipal o regional
838e245_248	37	37	0.7347824546022022	- Se entendera como sistema de compensacion el conjunto de elementos tecnicos y juridicos, definidos de conformidad a la Ley de Ordenamiento y Desarrollo Territorial, mediante la cual los propietarios que llevan a cabo una actuacion de repercusiones urbanisticas o de modificacion de uso del suelo o zonificacion, aportan activos con solidaridad de beneficios y cargas y comparten con la municipalidad el incremento de sus rentas del suelo, generado por un acto administrativo urbanistico municipal o regional
8ed012f_241	38	38	0.7347824546022022	- Se entendera como sistema de compensacion el conjunto de elementos tecnicos y juridicos, definidos de conformidad a la Ley de Ordenamiento y Desarrollo Territorial, mediante la cual los propietarios que llevan a cabo una actuacion de repercusiones urbanisticas o de modificacion de uso del suelo o zonificacion, aportan activos con solidaridad de beneficios y cargas y comparten con la municipalidad el incremento de sus rentas del suelo, generado por un acto administrativo urbanistico municipal o regional
b8bb2bb_246	39	39	0.7347824546022022	- Se entendera como sistema de compensacion el conjunto de elementos tecnicos y juridicos, definidos de conformidad a la Ley de Ordenamiento y Desarrollo Territorial, mediante la cual los propietarios que llevan a cabo una actuacion de repercusiones urbanisticas o de modificacion de uso del suelo o zonificacion, aportan activos con solidaridad de beneficios y cargas y comparten con la municipalidad el incremento de sus rentas del suelo, generado por un acto administrativo urbanistico municipal o regional
31d80e0_4	40	40	0.734446355040942	Que, el Fondo de Inversión Estratégica, en adelante, también, FIE, es un instrumento de política pública implementado por el Ministerio de Economía, como parte de la Agenda de Productividad, Innovación y Crecimiento, orientado al financiamiento de iniciativas guiadas a mejorar la productividad nacional, diversificando la base productiva e incrementando el valor agregado de nuestra economía
b9b7f6b_28	41	41	0.7344141793840449	inversiones en bienes necesarios para su cumplimiento
26b00aa_238	42	42	0.7337127906172833	Actividad Económica: aquellas actividades que tienden a incrementar la capacidad productiva de bienes y servicios de una economía, para satisfacer las necesidades humanas en un período de tiempo (Términos Económicos de Uso Habitual
93f3cbb_136	43	43	0.7335708903840712	Una vez acreditado el cumplimiento de los Planes de Manejo, INDAP pagará los incentivos en la proporción correspondiente a los trabajos efectivamente cumplidos del plan de manejo aprobado y de acuerdo a los valores indicados en la Tabla de Costos
c7255b0_172	44	44	0.7329676327867785	En estos casos, el monto del subsidio se incrementará de acuerdo al monto de ahorro mínimo requerido para cada tipo de proyecto postulado
14b1c87_9	45	45	0.7310948079932026	La relevancia de identificar y cuantificar económicamente las medidas de acción que deban ser desarrolladas durante la vida útil de la misma, a fin de mitigar los efectos antes señalados
60cd142_59	46	46	0.7307993876423827	de una instalación de transmisión corresponderá a la suma de los costos eficientes de adquisición e instalación de sus componentes, de acuerdo con valores de mercado, determinado conforme a lo siguiente:
042f3d7_36	47	47	0.7285644148612123	produciendo repercusiones económicas directas o indirectas
5058cc5_11	48	48	0.72778726001791	Costo neto: Es el valor de los insumos o labores susceptibles de ser bonificadas sin considerar el impuesto al valor agregado
dab533a_170	49	49	0.7241332043129085	De las compensaciones por cargas y beneficios en los planes parciales y especiales
19a0f82_199	50	50	0.7234299660290087	El monto de dichas sanciones economicas ingresara a los fondos del municipio de la jurisdiccion de la obra sancionada
b726b57_142	51	51	0.7224841730745497	El aporte de financiamiento reembolsable a cobrar al interesado corresponderá al valor resultante de aplicar las fórmulas respectivas, definidas en el punto anterior
ecf5ff3_243	52	52	0.7224841730745497	El aporte de financiamiento reembolsable a cobrar al interesado corresponderá al valor resultante de aplicar las fórmulas respectivas, definidas en el punto anterior
fcefde2_205	53	53	0.7224841730745497	El aporte de financiamiento reembolsable a cobrar al interesado corresponderá al valor resultante de aplicar las fórmulas respectivas, definidas en el punto anterior
753300f_113	54	54	0.7222506780243315	j) Fijar tasas y efectuar el cobro por los servicios de manejo integral de residuos, calculadas sobre la base de los costos reales y optimizados del suministro del servicio, el beneficio que presta a los usuarios y a la realidad socioeconomica de la poblacion
3434b51_373	55	55	0.7204184264663728	Dichas inversiones se remunerarán a partir de la entrada en operación
e7414a8_857	56	56	0.7201680736477846	los planes de manejo de predios que hayan obtenido incentivos desde una
93f3cbb_125	57	57	0.720015856101729	A) Productores que financian total o parcialmente la inversión con crédito de INDAP o que siendo usuarios de algunos de sus servicios, financian la inversión con recursos propios:
e7414a8_746	58	58	0.7193567205008914	valor de proporción del aporte financiero adicional, se le otorgará en la
aa75f37_17	59	59	0.718564589973605	Destino de los recursos: Los créditos podrán ser solicitados con fines de refinanciamiento de deudas o con los siguientes fines: Realizar inversiones en activos fijos para capital de trabajo, financiamiento de asistencia técnica o cualquier otra inversión necesaria para el mejoramiento de la actividad productiva
28477ef_27	60	60	0.7176422464512058	e) Con el producto de las comisiones o bonificaciones provenientes de los convenios que se celebren con empresas industriales, comerciales o de servicios, u otros necesarios para el funcionamiento y cumplimiento de los fines del Servicio de Bienestar;
d07537d_6	61	61	0.7170630110597054	Dicha planilla suplementaria será imponible en la misma proporción en que lo sean las remuneraciones que compensa
5058cc5_103	62	62	0.7165884824395516	El costo de los análisis de suelos y el de elaboración del plan de manejo, incluido el informe técnico, se considerarán en los costos susceptibles de ser bonificados siempre que el plan de manejo se apruebe por el servicio correspondiente y obtenga la bonificación
93f3cbb_75	63	63	0.7165884824395516	El costo de los análisis de suelos y el de elaboración del plan de manejo, incluido el informe técnico, se considerarán en los costos susceptibles de ser bonificados siempre que el plan de manejo se apruebe por el Servicio correspondiente y obtenga la bonificación
27d89cb_179	64	64	0.7161263609146702	Destinados a cubrir las necesidades productivas y comerciales
086db85_24	65	65	0.7149423525072875	i) Precio o tarifa: Contraprestación en dinero que el concesionario podrá cobrar a los usuarios por el uso de los bienes comprendidos en la concesión, en virtud del derecho real de goce comprendido en ella
131f13b_22	66	66	0.7143460465444529	realizar inversiones en activos fijos, para capital de trabajo, financiamiento de asistencia técnica o cualquier otra inversión necesaria para el mejoramiento de la actividad productiva y para el refinanciamiento de deudas relacionadas con dichos fines
2418c2b_211	67	67	0.7119460257937965	Factibilidad de Servicios: Instrumento por medio del cual, las Instituciones encargadas del desarrollo y administracion de la infraestructura de servicios publicos, da la posibilidad de dotacion del mismo a una parcela
ac08984_15	68	68	0.7095226605324392	En la práctica, significa determinar qué segmento de la población beneficiada debiera aportar a la inversión y cuál debiera ser ese aporte
7cffd6b_207	69	69	0.7092583407338986	El precio que se cobre incluirá, a lo menos, los costos concernientes a las siguientes actividades:
7cffd6b_215	70	70	0.7092583407338986	El precio que se cobre incluirá, a lo menos, los costos concernientes a las siguientes actividades:
88ad2ff_52	71	71	0.7079945848849367	- El Municipio establecera los incentivos a conceder cuando se lleve a cabo la actuacion por los sistemas de compensacion o cooperacion
85d0f2a_83	72	72	0.7074209288681564	En los ingresos propios del establecimiento se comprenden aquellos que provengan de la actividad que se realice a través de su Unidad de Producción y asesorías o servicios a terceros
f1ebd15_84	73	73	0.7074209288681564	En los ingresos propios del establecimiento se comprenden aquellos que provengan de la actividad que se realice a través de su Unidad de Producción y asesorías o servicios a terceros
f5394e1_77	74	74	0.7074209288681564	En los ingresos propios del establecimiento se comprenden aquellos que provengan de la actividad que se realice a través de su Unidad de Producción y asesorías o servicios a terceros
78a302a_159	75	75	0.707356275967868	- El financiamiento del manejo de desechos provendra de los recursos generados en las disposiciones establecidas en la presente Ordenanza, y de las siguientes fuentes:
3fa42ac_48	76	76	0.7070289124230569	Fase de Construcción y Explotación: Esta fase contempla las etapas de construcción y la etapa de explotación y beneficio
c7255b0_370	77	77	0.7069111967336922	Si esta condición se configura respecto del postulante con posterioridad a la asignación del beneficio y hasta el pago del subsidio, se permitirá igualmente la aplicación del beneficio
c3e1746_86	78	78	0.7068305675529074	Incremento de la producción en relación al ingreso esperado justificado técnicamente
93f3cbb_11	79	79	0.7061554539007187	g) Costo neto: Es el valor de los insumos o labores susceptibles de ser bonificadas sin considerar el impuesto al valor agregado
4c71364_32	80	80	0.7061318843278056	Factibilidad de Servicios: Instrumento por medio del cual, las instituciones encargadas del desarrollo y administracion de la infraestructura de servicios publicos de la posibilidad de dotacion del mismo a una parcela
f84b563_14	81	81	0.7055414023247849	"""Las prácticas a bonificar por el Programa son las siguientes:"
765d4ea_260	82	82	0.7051886934310067	- A solicitud del propietario del terreno, las compensaciones podran ser conmutadas por su equivalente economico calculado multiplicando las varas cuadradas de la cesion del terreno por el valor comercial de vara cuadrada urbanizada de venta dentro del proyecto; o por cesion de terreno fuera del proyecto siempre que tenga un valor equivalente al valor del suelo urbanizado dentro del proyecto o se complemente con la construccion de obras de equipamiento comunitario y donde el Municipio asi lo requiera o
c7255b0_418	83	83	0.7049665917444801	Presupuesto estimativo para cada proyecto específico, teniendo como referencia los subsidios base y complementarios de las intervenciones postuladas, el ahorro y otros aportes acreditables al momento de la postulación del expediente, incluyendo en este último caso su fuente de financiamiento
c349ac5_45	84	84	0.7046497919056458	Para lo anterior, respecto al control de la relación entre producción y materia prima, se hará efectivo a través de factores de rendimiento que se indican a continuación:
3996e2e_68	85	85	0.7044661645826732	- Distinguir los beneficios o prestaciones a los cuales tiene derecho el trabajador
742f481_35	86	86	0.7043218978767655	El mecanismo de estabilización consistirá en la aplicación de un Componente de Sustentación o de un Componente de Recuperación, según corresponda, a la Tarifa de compra a los Beneficiarios
f5d3dd3_62	87	87	0.7040913574445746	Al respecto, la Municipalidad gestionara incentivos economicos y asistencia tecnica necesaria para el desarrollo y adecuado aprovechamiento, restauracion, desarrollo de los recursos naturales
5058cc5_303	88	88	0.7035485165265216	Los beneficiarios que no alcancen a cumplir la totalidad del plan de manejo por alguna de las circunstancias de excepción indicadas en el inciso anterior, recibirán los incentivos en forma proporcional a las prácticas efectivamente realizadas y que hayan sido parte del respectivo plan de manejo, para lo cual se considerará el valor de las actividades o insumos según la tabla de costos de las prácticas totalmente realizadas
93f3cbb_259	89	89	0.7035485165265216	Los beneficiarios que no alcancen a cumplir la totalidad del plan de manejo por alguna de las circunstancias de excepción indicadas en el inciso anterior, recibirán los incentivos en forma proporcional a las prácticas efectivamente realizadas y que hayan sido parte del respectivo plan de manejo, para lo cual se considerará el valor de las actividades o insumos según la tabla de costos de las prácticas totalmente realizadas
1739c19_221	90	90	0.7013466122201827	j) Incorporar la obligación de que las inversiones en aportes de capital y créditos sean otorgados a empresas que ejecuten planes de forestación en predios que den cumplimiento al Plan de Prevención de Incendios
fe9c066_171	91	91	0.6992842255879583	En caso de aprobación, se resolverá el pago del costo real del programa de trabajo, considerando si hubo o no anticipo de recursos
f79613e_11	92	92	0.698910690665327	- Para efectos de la presente Ordenanza, se entiende por hecho generador o imponible, la obtencion por el sujeto pasivo de un beneficio real o presunto, como consecuencia de:
086db85_25	93	93	0.6987037246840504	j) Premio en la evaluación de la oferta: Recompensa a que tiene derecho el postulante de un proyecto de iniciativa privada, que se licita por el sistema de concesión, que consiste en un puntaje adicional al obtenido en su oferta económica
630a52f_134	94	94	0.6983257338558184	b) Las bonificaciones y descuentos que se aplicarán al valor de la transacción de acuerdo al resultado de los análisis de características;
f7cbe02_30	95	95	0.6980562049305107	En el contrato de concesión podrá establecerse, de común acuerdo, que todas las mejoras quedarán a beneficio fiscal
131f13b_21	96	96	0.6976315827591124	Destino de los recursos: Los créditos podrán ser otorgados con los siguientes fines:
93f3cbb_263	97	97	0.6972676511814756	- Aprobado el cumplimiento en los términos señalados en el artículo anterior, se procederá a pagar el incentivo de acuerdo a la tabla anual de costos, por intermedio de la entidad u oficina autorizada por el Servicio correspondiente para tal efecto
2bb3805_169	98	98	0.6964520718557557	El pago correspondiente a los servicios de Asistencia Técnica, tanto para subsidios colectivos, como individuales, según corresponda, operará en cada caso, de la siguiente forma:
58e0fc6_275	99	99	0.6962350443087635	20,045 y 20,092, ambas de 2005) ha establecido mecanismos de compensación pecuniaria -bajo la forma de asignación o bono- que permitan, en parte, hacerse cargo de los gastos en que se debe incurrir para poder ejecutar los mismos de manera eficiente;
28477ef_22	100	100	0.6954170069635793	- El Servicio de Bienestar, para dar cumplimiento a sus finalidades, se financiará con los siguientes aportes y entradas:
3d181ac_96	101	101	0.6952687750095811	El usuario pagará según las tarifas establecidas y la recaudación tendrá objeto mejorar el sistema
12a91a7_153	102	102	0.6950342358233706	"- Sustitúyese la expresión ""Programa de"" por la frase ""Sistema de Incentivos para la"""
5058cc5_294	103	103	0.6948834183313612	El monto máximo de los incentivos por beneficiario señalado en el artículo 16º de este reglamento, se entenderá referido a la suma de las bonificaciones de los planes de manejo seleccionados en el respectivo año presupuestario
2ce32ee_255	104	104	0.6944799821167912	- A solicitud del propietario del terreno, las compensaciones podran ser conmutadas por su equivalente economico calculado multiplicando las varas cuadradas de la cesion del terreno por el valor comercial de vara cuadrada urbanizada de venta dentro del proyecto; o por cesion de terreno fuera del proyecto siempre que tenga un valor equivalente al valor del suelo urbanizado dentro del proyecto o se complemente con la construccion de obras de equipamiento comunitario y donde el Municipio asi lo requiera o esten previamente indicadas en el plan
55b3aab_256	105	105	0.6944799821167912	- A solicitud del propietario del terreno, las compensaciones podran ser conmutadas por su equivalente economico calculado multiplicando las varas cuadradas de la cesion del terreno por el valor comercial de vara cuadrada urbanizada de venta dentro del proyecto; o por cesion de terreno fuera del proyecto siempre que tenga un valor equivalente al valor del suelo urbanizado dentro del proyecto o se complemente con la construccion de obras de equipamiento comunitario y donde el Municipio asi lo requiera o esten previamente indicadas en el plan
767c669_254	106	106	0.6944799821167912	- A solicitud del propietario del terreno, las compensaciones podran ser conmutadas por su equivalente economico calculado multiplicando las varas cuadradas de la cesion del terreno por el valor comercial de vara cuadrada urbanizada de venta dentro del proyecto; o por cesion de terreno fuera del proyecto siempre que tenga un valor equivalente al valor del suelo urbanizado dentro del proyecto o se complemente con la construccion de obras de equipamiento comunitario y donde el Municipio asi lo requiera o esten previamente indicadas en el plan
838e245_262	107	107	0.6944799821167912	- A solicitud del propietario del terreno, las compensaciones podran ser conmutadas por su equivalente economico calculado multiplicando las varas cuadradas de la cesion del terreno por el valor comercial de vara cuadrada urbanizada de venta dentro del proyecto; o por cesion de terreno fuera del proyecto siempre que tenga un valor equivalente al valor del suelo urbanizado dentro del proyecto o se complemente con la construccion de obras de equipamiento comunitario y donde el Municipio asi lo requiera o esten previamente indicadas en el plan
8ed012f_255	108	108	0.6944799821167912	- A solicitud del propietario del terreno, las compensaciones podran ser conmutadas por su equivalente economico calculado multiplicando las varas cuadradas de la cesion del terreno por el valor comercial de vara cuadrada urbanizada de venta dentro del proyecto; o por cesion de terreno fuera del proyecto siempre que tenga un valor equivalente al valor del suelo urbanizado dentro del proyecto o se complemente con la construccion de obras de equipamiento comunitario y donde el Municipio asi lo requiera o esten previamente indicadas en el plan
b8bb2bb_260	109	109	0.6944799821167912	- A solicitud del propietario del terreno, las compensaciones podran ser conmutadas por su equivalente economico calculado multiplicando las varas cuadradas de la cesion del terreno por el valor comercial de vara cuadrada urbanizada de venta dentro del proyecto; o por cesion de terreno fuera del proyecto siempre que tenga un valor equivalente al valor del suelo urbanizado dentro del proyecto o se complemente con la construccion de obras de equipamiento comunitario y donde el Municipio asi lo requiera o esten previamente indicadas en el plan
eab951b_108	110	110	0.6941464712588155	Valor máximo a cobrar por concepto de aportes de financiamiento
e7414a8_589	111	111	0.6939393839973941	mismo a los beneficios del Programa, para ese predio, respecto al
4861b11_94	112	112	0.693423718272733	En el referido costo, se incluirá el costo de la mano de obra, insumos y materiales para montaje, gastos generales de obra cuando corresponda, beneficio del contratista y todos los demás costos asociados a la obra
3f5633c_25	113	113	0.692947607682792	Con los costos que se incluyen en la Tabla I se deben financiar las siguientes faenas e ítems:
bd53430_44	114	114	0.692947607682792	Con los costos que se incluyen en la Tabla I se deben financiar las siguientes faenas e ítems:
e1040e8_25	115	115	0.692947607682792	Con los costos que se incluyen en la Tabla I se deben financiar las siguientes faenas e ítems:
7eab6c1_53	116	116	0.6920164139091258	La Municipalidad establecera los Incentivos a conceder cuando se lleve a cabo la actuacion por los sistemas de compensacion y cooperacion
2bb3805_236	117	117	0.6919197407829997	Está destinado al financiamiento de obras que den respuesta significativa a las particularidades culturales, geográficas y/o productivas de la o las familias que participan de determinados proyectos y que sean relevantes para el logro del objetivo de este subsidio
d29e89b_163	118	118	0.6913687358720598	- Puntaje para calcular la variable, mano de obra según actividad y superficie para los proyectos que postulen a la bonificación a que se refieren el literal a), b) y c) del artículo 22 de la ley Nº 20,283
aa75f37_123	119	119	0.6912645990895196	Podrán ser solicitados con fines de refinanciar deudas y otorgar créditos con los siguientes fines: a) realizar inversiones en activos fijos, b) para capital de trabajo, c) financiamiento de asistencia técnica y d) cualquier otra inversión necesaria para el mejoramiento de la actividad productiva
7bd959f_159	120	120	0.6908646887013715	- Los recursos para el financiamiento de las actividades de la Asociacion de Desarrollo Turistico, seran los provenientes de:
8fb61f8_147	121	121	0.6908646887013715	- Los recursos para el financiamiento de las actividades de la Asociacion de Desarrollo Turistico, seran los provenientes de:
2f2ff0c_18	122	122	0.6907640175342592	2º Declárase, que corresponderá a los beneficiarios de las obras a que se refiere este decreto pagar, en los términos que fijará el Ministerio de Obras Públicas, los valores por concepto de uso y gastos de explotación de éstas
b1855c7_47	123	123	0.6887967873616788	Se debe imputar al costo el porcentaje del gasto asignado a cada funcionario
aa8d473_62	124	124	0.688385518185858	Comprenden territorios con aptitudes para el desarrollo económico productivo asociado al emplazamiento de obras de infraestructura e instalaciones y edificaciones de apoyo a la actividad minera
1585c05_38	125	125	0.6882845648266873	Los ingresos se encontrarán asociados preferentemente a la recepción o injertación del material importado y al período de crecimiento activo previo al término de la cuarentena, a objeto de conocer el estado de los materiales cuarentenados e informarse de las acciones que serán adoptadas por el Servicio
01e1622_39	126	126	0.6882759367027133	- El Servicio de Bienestar se financiará con los siguientes recursos:
418ca89_128	127	127	0.6882759367027133	- El Servicio de Bienestar se financiará con los siguientes recursos:
9f07f3c_77	128	128	0.6881632280573611	Los costos de estos trabajos los asumirán las empresas de servicios, dado su condición de apoyo y arrendamiento a las empresas, dueñas de las postaciones
3434b51_448	129	129	0.6878401357606877	- Las sumas percibidas en exceso calculadas de acuerdo a lo señalado en el artículo anterior deberán ser descontadas de los ingresos que correspondan a los propietarios, arrendatarios, usufructuarios o quienes exploten a cualquier título las instalaciones pertinentes
dab533a_167	130	130	0.6878045511196811	Su objetivo es procurar que el solicitante del acto urbanistico respectivo compense de forma equitativa al Municipio, los impactos potenciales a ser generados por el referido aprovechamiento, por medio de un desarrollo territorial del municipio con obras tales como infraestructura vial, mitigacion de riesgos, servicios basicos, equipamiento social, espacios publicos, entre otros
2bb3805_215	131	131	0.6877973152946742	Tratándose de la Asistencia Técnica y Fiscalización Técnica de Obras, el incremento en el valor de las prestaciones aplicará en los siguientes casos:
418ca89_62	132	132	0.6877234763363493	acreditadas, se podrá otorgar al afiliado un subsidio económico
c7255b0_839	133	133	0.6875449701438833	Los porcentajes mencionados se aplicarán respecto del monto de subsidios que forman parte del contrato respectivo
086db85_12	134	134	0.6866701697857001	c) Un derecho real de uso y goce sobre los bienes comprendidos en la concesión, en virtud del cual el concesionario está facultado para cobrar un precio o tarifa a los usuarios de tales bienes;
e7414a8_526	135	135	0.6861017003182476	costo de las prácticas objeto de incentivos no cubierto por el Programa;
c7255b0_823	136	136	0.6860425044968728	Si existiese más de un contratista durante el desarrollo de las obras, se le aplicarán iguales porcentajes para el pago de los correspondientes anticipos
c8b1297_17	137	137	0.6859266815187245	La bonificación por concepto de asesoría profesional podrá pagarse total o parcialmente
ce638af_470	138	138	0.6856695822780121	En todo caso, la bonificación por asistencia técnica estará incluida en los máximos a bonificar por beneficiario, según se establece en este Reglamento
e7414a8_909	139	139	0.6856695822780121	En todo caso, la bonificación por asistencia técnica estará incluida en los máximos a bonificar por beneficiario, según se establece en este Reglamento
93f3cbb_106	140	140	0.6856694695383498	3) Capacidad de Uso de la Superficie bajo Plan de Manejo, que considerará la clasificación de capacidad de uso que tenga el suelo a ser beneficiado por el incentivo
eab951b_71	141	141	0.6854983134274205	Aportes de financiamiento reembolsables por capacidad de disposición
eab951b_91	142	142	0.6854983134274205	Aportes de financiamiento reembolsables por capacidad de disposición
01e1622_94	143	143	0.6851404405614212	d) De auxilio: Se concederán con el objeto de satisfacer necesidades económicas imprevistas de los afiliados
ac08984_8	144	144	0.6847723405763465	Que como señala la citada norma, estos subsidios se pagarán con cargo a los recursos que se consulten en la Ley de Presupuestos para el Ministerio de Obras Públicas
d491a15_173	145	145	0.6835031485836831	- Los incentivos podran ser en forma de: reconocimientos publicos a la buena labor realizada, facilitacion de insumos agricolas, asistencia tecnica, realizacion de obras, apoyos para mejorar la comercializacion y toda aquella accion de beneficio directo para el productor y su familia
7d429ac_32	146	146	0.683161638017674	Los regalos y/o estímulos, podrán ser entregados en dinero o especies de acuerdo a la disponibilidad presupuestaria existente
ce638af_24	147	147	0.6825382520813422	Costo neto: valor de los insumos o labores susceptibles de ser bonificadas sin considerar el impuesto al valor agregado, según se establezca en la Tabla Anual de Costos
d6c44cc_184	148	148	0.6824657052227331	- Los incentivos podran ser en forma de: reconocimientos publicos a la buena labor realizada, facilitacion de insumos agricolas, asistencia tecnica, realizacion de obras, apoyos para mejorar la comercializacion y toda aquella accion que pueda ser un beneficio directo para el productor y su familia
c7255b0_833	149	149	0.6821864590744936	Si el ahorro y/o los aportes adicionales para el proyecto superan el monto del primer anticipo, el excedente formará parte de los siguientes giros
eab951b_67	150	150	0.6820766938367351	Aportes de financiamiento reembolsables por capacidad de distribución
26b00aa_104	151	151	0.6811052141467596	1,2 Promover el uso de la propiedad fiscal para el desarrollo local sostenible
f443f15_137	152	152	0.6810329001670019	actividades bonificables previamente adjudicadas en
c7255b0_127	153	153	0.6806463818932078	El monto de subsidio base, expresado en Unidades de Fomento, según tipología de aplicación que contempla el Programa, será el siguiente:
131f13b_50	154	154	0.6805392794113736	Utilizar los recursos financieros para los fines que fueron solicitados
60cd142_125	155	155	0.6803673063326585	Asimismo, las bases técnicas preliminares podrán contener los criterios para considerar economías de ámbito en aquellas empresas que prestan el servicio de transmisión, en caso de verificarse que la estructura particular de dichas empresas, o de sus relacionadas de acuerdo a lo dispuesto en la ley Nº 18,045, aprovecha sinergias o ahorros de costos en la prestación conjunta del servicio de transmisión y de otros servicios, sean estos últimos sujetos o no a regulación de precios
e7414a8_302	156	156	0.6803011841413165	El costo de dichas actividades de capacitación será financiado por cada operador y con aportes del SAG e INDAP, en la medida que fuere necesario y en tanto estos servicios cuenten con disponibilidad presupuestaria
c7255b0_542	157	157	0.6801682048723854	c) Monto del ahorro acreditado y de el o los subsidios susceptibles de obtener
3434b51_473	158	158	0.6799864121467958	Asimismo, las Bases técnicas preliminares podrán contener los criterios para considerar economías de ámbito en aquellas empresas que prestan el servicio de transmisión, en caso de verificarse que la estructura particular de dichas empresas, o de sus empresas relacionadas de acuerdo a lo dispuesto en la Ley Nº 18,045, aprovecha sinergias o ahorros de costos en la prestación conjunta del servicio de transmisión y de otros servicios, sean estos últimos sujetos o no a regulación de precios
c7255b0_840	159	159	0.6798978473314622	Si existiese más de un contratista durante el desarrollo de las obras se le aplicarán iguales porcentajes para el pago de los correspondientes anticipos
7c3fe0d_171	160	160	0.6798330386526729	- Los incentivos podran ser en forma de: reconocimientos publicos a la buena labor realizada, facilitacion de insumos agricolas, asistencia tecnica, realizacion de obras, apoyos para mejorar la comercializacion y toda aquella accion que pueda ser un beneficio directo para el productor(a) y su familia
7cffd6b_191	161	161	0.6797187331044396	De la Inversión, los Costos y el Financiamiento del OAP
fb9f67e_31	162	162	0.6795098943941186	En caso de existir más de un régimen tributario, se considerará aquel régimen que resulte más conveniente económicamente para la empresa eficiente
2da8e58_30	163	163	0.6793367579563802	Se desprende del análisis marginal que el valor de norma propuesto se ubica próximo a la región óptima que maximiza el beneficio neto
f33e182_122	164	164	0.6781311830170043	(e) En cualquier caso, el Inspector Fiscal estará facultado para solicitar presupuestos adicionales, en los mismos términos a los requeridos a la Sociedad Concesionaria, a empresas capaces de ejecutar las actividades y/o Nuevas Inversiones de Carácter Menor
96193f8_141	165	165	0.6780515812786014	Precios de referencia, incluidos los criterios de bonificaciones o
7cffd6b_194	166	166	0.677962936108793	- Los valores y la metodología de cálculo para determinar la cantidad que le corresponde aportar a cada concesionaria al monto de la inversión, se deberá ajustar a lo siguiente:
67e4301_20	167	167	0.6771939926511708	El subsidio escalonado del reembolso del costo de las obras del embalse El Bato para los propietarios agrícolas se aplicará, conforme a la siguiente tabla:
f33e182_89	168	168	0.6768462630140417	En todo caso, será de costo y responsabilidad de la Sociedad Concesionaria proceder a realizar las actividades y/o Nuevas Inversiones de Carácter Menor señaladas en la letra A) de este artículo 1,10
5571de3_27	169	169	0.6765855211682906	Los objetivos que se persiguen con la adjudicación de estos fondos son:
d29e89b_156	170	170	0.6763323672964896	- Puntaje por la sub variable beneficio social y de urgencia, que se traduce en el empleo de mano de obra, bosques quemados y planes de manejo para los proyectos que postulen a la bonificación a que se refieren el literal a), b) y c) del artículo 22 de la ley Nº 20,283
dab533a_235	171	171	0.6760974102909133	La obligacion de compensar podra cumplirse mediante su aportacion en especie de las obras correspondientes al Municipio, o bien, mediante la aportacion del valor de las mismas
1a10f23_70	172	172	0.6758325064080698	El número de postulantes seleccionados alcanzará hasta el número de subsidios susceptibles de financiar con los recursos previstos en el resuelvo anterior, incluidos sus respectivos servicios de asistencia técnica, fiscalización técnica de obras y los subsidios complementarios, si corresponden
fbed789_51	173	173	0.6758325064080698	El número de postulantes seleccionados alcanzará hasta el número de subsidios susceptibles de financiar con los recursos previstos en el Resuelvo anterior, incluidos sus respectivos servicios de asistencia técnica, fiscalización técnica de obras y los subsidios complementarios, si corresponden
6d8b3ba_118	174	174	0.6757889232681951	El número de postulantes seleccionados en cada región, alcanzará hasta el número de subsidios susceptibles de financiar, incluidos los respectivos servicios de asistencia técnica y fiscalización técnica de obras
e7414a8_658	175	175	0.6757376664785861	bonificaciones, con indicación de la clasificación de uso de suelo que
00a55af_119	176	176	0.6753228657801591	Art tuviere la posibilidad economica, debera pagar con trabajo de utilidad publica
eab951b_69	177	177	0.6749430498408558	Aportes de financiamiento reembolsables por capacidad de recolección
eab951b_87	178	178	0.6749430498408558	Aportes de financiamiento reembolsables por capacidad de recolección
3c11c3f_52	179	179	0.6746316691911929	"""Entendiendo que el Sistema de Incentivos para la Recuperación de Suelos Degradados es un instrumento transversal para todos los segmentos estratégicos de productores definidos por la Política de Fomento de INDAP, la Dirección Regional que corresponda deberá orientar la intervención del instrumento, teniendo en consideración las demandas que sobre las materias propias del Programa surjan desde los Planes de Fomento Nacionales, los Planes de Fomento Regionales y/o Estrategias Regionales de Competitividad por rubro"
3723674_32	180	180	0.6741586658728456	Los costos de las actividades estarán a cargo de la parte exportadora
c5b67fd_74	181	181	0.6741586658728456	Los costos de las actividades estarán a cargo de la parte exportadora
f265ceb_38	182	182	0.6737639600395959	La concesionaria podrá aumentar la cantidad de Usuarios Concurrentes, a su costo
2ab0f3c_256	183	183	0.6734435252884288	Son suelos destinados a cubrir las necesidades productivas
7c4a8f5_260	184	184	0.6734435252884288	Son suelos destinados a cubrir las necesidades productivas
52a3a10_206	185	185	0.6729737661200867	Los beneficiarios que no alcancen a cumplir la totalidad del plan de manejo por alguna de las circunstancias de excepción indicadas precedentemente, recibirán los incentivos correspondientes en la proporción en que hayan dado cumplimiento al respectivo plan de manejo
cd875ca_286	186	186	0.6726421313718743	- Los SERVIU pagarán el Subsidio, en dinero, al valor de la Unidad de Fomento vigente a la fecha de pago, siempre que se cumplan los requisitos exigidos por este reglamento
93f3cbb_176	187	187	0.6724140152301746	i) Calidad Técnica del Plan de Manejo: Se refiere a la coherencia técnica y económica entre las prácticas sugeridas en el plan de manejo y los objetivos del programa específico a desarrollar
b9ec777_7	188	188	0.6722961051025776	Segmentación de beneficiarios titulares de áreas de manejo y explotación de recursos bentónicos
93f3cbb_250	189	189	0.6722347744547016	El monto máximo de los incentivos por beneficiario señalado en el artículo 12°, se entenderá referido a la suma de las bonificaciones de los planes de manejos seleccionados en el respectivo año presupuestario
c7255b0_27	190	190	0.6716421933093992	Aportes Adicionales: Recursos provenientes de fuentes públicas o privadas, que tienen por objeto complementar el financiamiento de un determinado proyecto
3cd6688_36	191	191	0.6713927065511396	Para acceder a la bonificación por actividades de recuperación de suelos degradados, el beneficiario deberá acreditar obras de recuperación de suelos en el área, por un monto igual o superior a los costos que indica la tabla anterior (excluyendo cuando corresponda el costo de la asesoría profesional), para lo cual se fijan los siguientes valores por tipo de obra, en pesos ($)
74d057e_6	192	192	0.6713768575349472	El subsidio que podrá solicitar el postulante alcanzará al monto máximo, expresado en Unidades de Fomento, que se señala para cada una de las alternativas de postulación que regulan los Títulos siguientes de este reglamento
013a174_17	193	193	0.6703446585881138	b) Analizar y evaluar la pertinencia de los proyectos de promoción de exportaciones que se presenten a través de cada una de las modalidades de asignación presupuestarias definidas
3f5633c_40	194	194	0.6700569954180469	Para acceder a la bonificación por actividades de recuperación de suelos degradados, el beneficiario deberá acreditar obras de recuperación de suelos en el área, por un monto igual o superior a los costos que indica la tabla anterior, (excluyendo cuando corresponda el costo de la asesoría profesional), para lo cual se fijan los siguientes valores por tipo de obra, en pesos ($)
7d429ac_8	195	195	0.6699994114340488	"""f) Ayuda en caso de catástrofe natural: Subsidio de orden económico que actuará de manera complementaria a los otros beneficios establecidos en el presente reglamento, y que operará ante una situación de catástrofe derivada de eventos de la naturaleza que afecte al afiliado y/o sus cargas legalmente acreditadas"
0df2ca7_43	196	196	0.6699560733842188	b) Acreditar que el arrendamiento tendrá una vigencia suficiente para cubrir los dos periodos anuales de amparo de la o las pertenencias por las que se impetra el beneficio
0982088_41	197	197	0.669518568682424	Para acceder a la bonificación por actividades de recuperación de suelos degradados, el beneficiario deberá acreditar la ejecución de las obras de recuperación de suelos en el área, las que se bonificarán por obra efectivamente construida hasta el monto máximo que indica la tabla anterior (excluyendo, cuando corresponda, el costo de la asesoría profesional), para lo cual se fijan los siguientes valores por tipo de obra, en pesos ($)
8fa1307_53	198	198	0.669518568682424	Para acceder a la bonificación por actividades de recuperación de suelos degradados, el beneficiario deberá acreditar la ejecución de las obras de recuperación de suelos en el área, las que se bonificarán por obra efectivamente construida hasta el monto máximo que indica la tabla anterior (excluyendo, cuando corresponda, el costo de la asesoría profesional), para lo cual se fijan los siguientes valores por tipo de obra, en pesos ($)
742f481_20	199	199	0.6694025753460241	Componente de Sustentación: Monto que se adiciona a la Tarifa, expresado en la unidad de medida de ésta, en el proceso de aplicación del mecanismo de estabilización a los Beneficiarios
7429fa1_13	200	200	0.6693997598710334	Asimismo, la organización, composición y emplazamiento de sus partes en el conjunto, responden a significados y condiciones que orientaron la planificación del conjunto, con miras principalmente a la eficiencia en la producción;
